status	rc	hash	log_path	benchmark_name
pass	0	c3c36ce8f0fb186c38a80f993b6fa5c72c1a4cdd	/home/Jakob.Gerhardt/CLionProjects/Masterarbeit/llvm/runtime-specialization/benchmarks/reports/20260620_123550-uc-best-benchmark-failures/logs/c3c36ce8f0fb186c38a80f993b6fa5c72c1a4cdd.log	BM_g:uc1_sql;n:count_matching_rows;a:low;s:SMALL;t:unspecialized;/1000000
pass	0	721ac8c4e0b29bbc1a9398a1db8d976d1899b077	/home/Jakob.Gerhardt/CLionProjects/Masterarbeit/llvm/runtime-specialization/benchmarks/reports/20260620_123550-uc-best-benchmark-failures/logs/721ac8c4e0b29bbc1a9398a1db8d976d1899b077.log	BM_g:uc1_sql;n:count_matching_rows;a:low;s:MEDIUM;t:unspecialized;/10000000
pass	0	9ffae62d49681b12dcf78021ec48f3345758cc9f	/home/Jakob.Gerhardt/CLionProjects/Masterarbeit/llvm/runtime-specialization/benchmarks/reports/20260620_123550-uc-best-benchmark-failures/logs/9ffae62d49681b12dcf78021ec48f3345758cc9f.log	BM_g:uc1_sql;n:count_matching_rows;a:low;s:LARGE;t:unspecialized;/30000000
pass	0	a3dfd071702210385b256abd25ffc43ff055ebb2	/home/Jakob.Gerhardt/CLionProjects/Masterarbeit/llvm/runtime-specialization/benchmarks/reports/20260620_123550-uc-best-benchmark-failures/logs/a3dfd071702210385b256abd25ffc43ff055ebb2.log	BM_g:uc1_sql;n:count_matching_rows;a:low;s:EXTRALARGE;t:unspecialized;/64000000
pass	0	af77535e48e964888fd7ed59ee51df310ed75e8d	/home/Jakob.Gerhardt/CLionProjects/Masterarbeit/llvm/runtime-specialization/benchmarks/reports/20260620_123550-uc-best-benchmark-failures/logs/af77535e48e964888fd7ed59ee51df310ed75e8d.log	BM_g:uc1_sql;n:count_matching_rows;a:low;s:SMALL;t:jit_overhead;/1000000/iterations:1/manual_time
pass	0	f0dce1fe8dc29566111f4ea9a21094ca350e29fe	/home/Jakob.Gerhardt/CLionProjects/Masterarbeit/llvm/runtime-specialization/benchmarks/reports/20260620_123550-uc-best-benchmark-failures/logs/f0dce1fe8dc29566111f4ea9a21094ca350e29fe.log	BM_g:uc1_sql;n:count_matching_rows;a:low;s:MEDIUM;t:jit_overhead;/10000000/iterations:1/manual_time
pass	0	7aebb91f39acc7fb3174e91eb9288f62ac0e8d21	/home/Jakob.Gerhardt/CLionProjects/Masterarbeit/llvm/runtime-specialization/benchmarks/reports/20260620_123550-uc-best-benchmark-failures/logs/7aebb91f39acc7fb3174e91eb9288f62ac0e8d21.log	BM_g:uc1_sql;n:count_matching_rows;a:low;s:LARGE;t:jit_overhead;/30000000/iterations:1/manual_time
pass	0	0843408078080a7f7805f2470a748cc618db4c23	/home/Jakob.Gerhardt/CLionProjects/Masterarbeit/llvm/runtime-specialization/benchmarks/reports/20260620_123550-uc-best-benchmark-failures/logs/0843408078080a7f7805f2470a748cc618db4c23.log	BM_g:uc1_sql;n:count_matching_rows;a:low;s:EXTRALARGE;t:jit_overhead;/64000000/iterations:1/manual_time
pass	0	db5db53abad381edcf3397c25b2b9d703929b1b4	/home/Jakob.Gerhardt/CLionProjects/Masterarbeit/llvm/runtime-specialization/benchmarks/reports/20260620_123550-uc-best-benchmark-failures/logs/db5db53abad381edcf3397c25b2b9d703929b1b4.log	BM_g:uc1_sql;n:count_matching_rows;a:low;s:SMALL;t:specialized_exec;/1000000
pass	0	9e512532b427eb48c8acc0475a9b62e1f162e457	/home/Jakob.Gerhardt/CLionProjects/Masterarbeit/llvm/runtime-specialization/benchmarks/reports/20260620_123550-uc-best-benchmark-failures/logs/9e512532b427eb48c8acc0475a9b62e1f162e457.log	BM_g:uc1_sql;n:count_matching_rows;a:low;s:MEDIUM;t:specialized_exec;/10000000
pass	0	3659ce4e508bbd0094def933b873c584ee270e5a	/home/Jakob.Gerhardt/CLionProjects/Masterarbeit/llvm/runtime-specialization/benchmarks/reports/20260620_123550-uc-best-benchmark-failures/logs/3659ce4e508bbd0094def933b873c584ee270e5a.log	BM_g:uc1_sql;n:count_matching_rows;a:low;s:LARGE;t:specialized_exec;/30000000
pass	0	37fbe5bea2515a9721884192f414551ad91b3967	/home/Jakob.Gerhardt/CLionProjects/Masterarbeit/llvm/runtime-specialization/benchmarks/reports/20260620_123550-uc-best-benchmark-failures/logs/37fbe5bea2515a9721884192f414551ad91b3967.log	BM_g:uc1_sql;n:count_matching_rows;a:low;s:EXTRALARGE;t:specialized_exec;/64000000
pass	0	8c98c0f25bd51f9e86a72ff6f8e3f89c222d7ecd	/home/Jakob.Gerhardt/CLionProjects/Masterarbeit/llvm/runtime-specialization/benchmarks/reports/20260620_123550-uc-best-benchmark-failures/logs/8c98c0f25bd51f9e86a72ff6f8e3f89c222d7ecd.log	BM_g:uc1_sql;n:count_matching_rows;a:tradeoff;s:SMALL;t:unspecialized;/1000000
pass	0	14caf8091041296f9b765fe4aee39f6f0352bc7d	/home/Jakob.Gerhardt/CLionProjects/Masterarbeit/llvm/runtime-specialization/benchmarks/reports/20260620_123550-uc-best-benchmark-failures/logs/14caf8091041296f9b765fe4aee39f6f0352bc7d.log	BM_g:uc1_sql;n:count_matching_rows;a:tradeoff;s:MEDIUM;t:unspecialized;/10000000
pass	0	c0d85921f98a3aed19f559e47a8648f7dca3ae0a	/home/Jakob.Gerhardt/CLionProjects/Masterarbeit/llvm/runtime-specialization/benchmarks/reports/20260620_123550-uc-best-benchmark-failures/logs/c0d85921f98a3aed19f559e47a8648f7dca3ae0a.log	BM_g:uc1_sql;n:count_matching_rows;a:tradeoff;s:LARGE;t:unspecialized;/30000000
pass	0	be0f5ec77003612b901ffa6df6a49d3a1210973f	/home/Jakob.Gerhardt/CLionProjects/Masterarbeit/llvm/runtime-specialization/benchmarks/reports/20260620_123550-uc-best-benchmark-failures/logs/be0f5ec77003612b901ffa6df6a49d3a1210973f.log	BM_g:uc1_sql;n:count_matching_rows;a:tradeoff;s:EXTRALARGE;t:unspecialized;/64000000
pass	0	99602f9f17829a2fca507f3c003398dee298a09c	/home/Jakob.Gerhardt/CLionProjects/Masterarbeit/llvm/runtime-specialization/benchmarks/reports/20260620_123550-uc-best-benchmark-failures/logs/99602f9f17829a2fca507f3c003398dee298a09c.log	BM_g:uc1_sql;n:count_matching_rows;a:tradeoff;s:SMALL;t:jit_overhead;/1000000/iterations:1/manual_time
pass	0	8dfaed4a96d0deba9b8c24fd992d9fb7b01d4247	/home/Jakob.Gerhardt/CLionProjects/Masterarbeit/llvm/runtime-specialization/benchmarks/reports/20260620_123550-uc-best-benchmark-failures/logs/8dfaed4a96d0deba9b8c24fd992d9fb7b01d4247.log	BM_g:uc1_sql;n:count_matching_rows;a:tradeoff;s:MEDIUM;t:jit_overhead;/10000000/iterations:1/manual_time
pass	0	197180371c4bdb7049c718bc720842e8cf7a746f	/home/Jakob.Gerhardt/CLionProjects/Masterarbeit/llvm/runtime-specialization/benchmarks/reports/20260620_123550-uc-best-benchmark-failures/logs/197180371c4bdb7049c718bc720842e8cf7a746f.log	BM_g:uc1_sql;n:count_matching_rows;a:tradeoff;s:LARGE;t:jit_overhead;/30000000/iterations:1/manual_time
pass	0	5ea7e77fe2136b9cf321c28246b412a196bb8e16	/home/Jakob.Gerhardt/CLionProjects/Masterarbeit/llvm/runtime-specialization/benchmarks/reports/20260620_123550-uc-best-benchmark-failures/logs/5ea7e77fe2136b9cf321c28246b412a196bb8e16.log	BM_g:uc1_sql;n:count_matching_rows;a:tradeoff;s:EXTRALARGE;t:jit_overhead;/64000000/iterations:1/manual_time
pass	0	9ba0b6292e4dfac4b4770c27d27c07f361a65c2a	/home/Jakob.Gerhardt/CLionProjects/Masterarbeit/llvm/runtime-specialization/benchmarks/reports/20260620_123550-uc-best-benchmark-failures/logs/9ba0b6292e4dfac4b4770c27d27c07f361a65c2a.log	BM_g:uc1_sql;n:count_matching_rows;a:tradeoff;s:SMALL;t:specialized_exec;/1000000
pass	0	18780e3e9eed947b96ba4bf938c08e420764e946	/home/Jakob.Gerhardt/CLionProjects/Masterarbeit/llvm/runtime-specialization/benchmarks/reports/20260620_123550-uc-best-benchmark-failures/logs/18780e3e9eed947b96ba4bf938c08e420764e946.log	BM_g:uc1_sql;n:count_matching_rows;a:tradeoff;s:MEDIUM;t:specialized_exec;/10000000
pass	0	190bcc4d9b9aaacabaead326c63e6a5ac91a5aad	/home/Jakob.Gerhardt/CLionProjects/Masterarbeit/llvm/runtime-specialization/benchmarks/reports/20260620_123550-uc-best-benchmark-failures/logs/190bcc4d9b9aaacabaead326c63e6a5ac91a5aad.log	BM_g:uc1_sql;n:count_matching_rows;a:tradeoff;s:LARGE;t:specialized_exec;/30000000
pass	0	e18c048f7eefda7e5566bf948f25050daa73ad9b	/home/Jakob.Gerhardt/CLionProjects/Masterarbeit/llvm/runtime-specialization/benchmarks/reports/20260620_123550-uc-best-benchmark-failures/logs/e18c048f7eefda7e5566bf948f25050daa73ad9b.log	BM_g:uc1_sql;n:count_matching_rows;a:tradeoff;s:EXTRALARGE;t:specialized_exec;/64000000
pass	0	8e82f5d2220d2fc2fd42364c4db42ed79aed9478	/home/Jakob.Gerhardt/CLionProjects/Masterarbeit/llvm/runtime-specialization/benchmarks/reports/20260620_123550-uc-best-benchmark-failures/logs/8e82f5d2220d2fc2fd42364c4db42ed79aed9478.log	BM_g:uc1_sql;n:count_matching_rows;a:abstract;s:SMALL;t:unspecialized;/1000000
pass	0	f2cb9d93fe06ff031060368f66d4500e0d0a7dac	/home/Jakob.Gerhardt/CLionProjects/Masterarbeit/llvm/runtime-specialization/benchmarks/reports/20260620_123550-uc-best-benchmark-failures/logs/f2cb9d93fe06ff031060368f66d4500e0d0a7dac.log	BM_g:uc1_sql;n:count_matching_rows;a:abstract;s:MEDIUM;t:unspecialized;/10000000
pass	0	b4fd5bb89e97e390508a891edc3a73c3dfd9a71c	/home/Jakob.Gerhardt/CLionProjects/Masterarbeit/llvm/runtime-specialization/benchmarks/reports/20260620_123550-uc-best-benchmark-failures/logs/b4fd5bb89e97e390508a891edc3a73c3dfd9a71c.log	BM_g:uc1_sql;n:count_matching_rows;a:abstract;s:LARGE;t:unspecialized;/30000000
pass	0	eb0d9ce58e54ac2d92fdd0e3f8c31ca5e84ef358	/home/Jakob.Gerhardt/CLionProjects/Masterarbeit/llvm/runtime-specialization/benchmarks/reports/20260620_123550-uc-best-benchmark-failures/logs/eb0d9ce58e54ac2d92fdd0e3f8c31ca5e84ef358.log	BM_g:uc1_sql;n:count_matching_rows;a:abstract;s:EXTRALARGE;t:unspecialized;/64000000
pass	0	5dd8b8c344e6a707bed5d737de641685afc50287	/home/Jakob.Gerhardt/CLionProjects/Masterarbeit/llvm/runtime-specialization/benchmarks/reports/20260620_123550-uc-best-benchmark-failures/logs/5dd8b8c344e6a707bed5d737de641685afc50287.log	BM_g:uc1_sql;n:count_matching_rows;a:abstract;s:SMALL;t:jit_overhead;/1000000/iterations:1/manual_time
pass	0	fa319d07f2be13c21bf3db696ba4103c28cc71ba	/home/Jakob.Gerhardt/CLionProjects/Masterarbeit/llvm/runtime-specialization/benchmarks/reports/20260620_123550-uc-best-benchmark-failures/logs/fa319d07f2be13c21bf3db696ba4103c28cc71ba.log	BM_g:uc1_sql;n:count_matching_rows;a:abstract;s:MEDIUM;t:jit_overhead;/10000000/iterations:1/manual_time
pass	0	3d9a77715d8bb640d60dfd27646c90207ffd2a5e	/home/Jakob.Gerhardt/CLionProjects/Masterarbeit/llvm/runtime-specialization/benchmarks/reports/20260620_123550-uc-best-benchmark-failures/logs/3d9a77715d8bb640d60dfd27646c90207ffd2a5e.log	BM_g:uc1_sql;n:count_matching_rows;a:abstract;s:LARGE;t:jit_overhead;/30000000/iterations:1/manual_time
pass	0	b818df0fc19900fe0ac18fc8b0eb6825d76a99a2	/home/Jakob.Gerhardt/CLionProjects/Masterarbeit/llvm/runtime-specialization/benchmarks/reports/20260620_123550-uc-best-benchmark-failures/logs/b818df0fc19900fe0ac18fc8b0eb6825d76a99a2.log	BM_g:uc1_sql;n:count_matching_rows;a:abstract;s:EXTRALARGE;t:jit_overhead;/64000000/iterations:1/manual_time
pass	0	a2030c2891ec38435d47f647d2283f293ebc2440	/home/Jakob.Gerhardt/CLionProjects/Masterarbeit/llvm/runtime-specialization/benchmarks/reports/20260620_123550-uc-best-benchmark-failures/logs/a2030c2891ec38435d47f647d2283f293ebc2440.log	BM_g:uc1_sql;n:count_matching_rows;a:abstract;s:SMALL;t:specialized_exec;/1000000
pass	0	1340cc6fe63dafc0d59e91af271a213ab496c7ae	/home/Jakob.Gerhardt/CLionProjects/Masterarbeit/llvm/runtime-specialization/benchmarks/reports/20260620_123550-uc-best-benchmark-failures/logs/1340cc6fe63dafc0d59e91af271a213ab496c7ae.log	BM_g:uc1_sql;n:count_matching_rows;a:abstract;s:MEDIUM;t:specialized_exec;/10000000
pass	0	023f88a74b8bb5c10411e1fca8379fb2149b22dd	/home/Jakob.Gerhardt/CLionProjects/Masterarbeit/llvm/runtime-specialization/benchmarks/reports/20260620_123550-uc-best-benchmark-failures/logs/023f88a74b8bb5c10411e1fca8379fb2149b22dd.log	BM_g:uc1_sql;n:count_matching_rows;a:abstract;s:LARGE;t:specialized_exec;/30000000
sigsegv	139	3456d9d0b990cf0029052950d1bee7af770af53a	/home/Jakob.Gerhardt/CLionProjects/Masterarbeit/llvm/runtime-specialization/benchmarks/reports/20260620_123550-uc-best-benchmark-failures/logs/3456d9d0b990cf0029052950d1bee7af770af53a.log	BM_g:uc1_sql;n:count_matching_rows;a:abstract;s:EXTRALARGE;t:specialized_exec;/64000000
pass	0	bbd2a3ed431d1f66a81088b1385e97b648c183c5	/home/Jakob.Gerhardt/CLionProjects/Masterarbeit/llvm/runtime-specialization/benchmarks/reports/20260620_123550-uc-best-benchmark-failures/logs/bbd2a3ed431d1f66a81088b1385e97b648c183c5.log	BM_g:uc1_sql;n:multi_predicate;a:low;s:SMALL;t:unspecialized;/1000000
pass	0	6ea9355e1fb10da398c83bea922bb4d6e993be06	/home/Jakob.Gerhardt/CLionProjects/Masterarbeit/llvm/runtime-specialization/benchmarks/reports/20260620_123550-uc-best-benchmark-failures/logs/6ea9355e1fb10da398c83bea922bb4d6e993be06.log	BM_g:uc1_sql;n:multi_predicate;a:low;s:MEDIUM;t:unspecialized;/10000000
pass	0	57d28bf4b5a112385b3f024395643804ce0761bc	/home/Jakob.Gerhardt/CLionProjects/Masterarbeit/llvm/runtime-specialization/benchmarks/reports/20260620_123550-uc-best-benchmark-failures/logs/57d28bf4b5a112385b3f024395643804ce0761bc.log	BM_g:uc1_sql;n:multi_predicate;a:low;s:LARGE;t:unspecialized;/30000000
pass	0	ffad02c656155759faad08e433d895f06a138dc6	/home/Jakob.Gerhardt/CLionProjects/Masterarbeit/llvm/runtime-specialization/benchmarks/reports/20260620_123550-uc-best-benchmark-failures/logs/ffad02c656155759faad08e433d895f06a138dc6.log	BM_g:uc1_sql;n:multi_predicate;a:low;s:EXTRALARGE;t:unspecialized;/64000000
pass	0	d940a00e5d9950ea1d96464e2e19c7b1d8dffbd7	/home/Jakob.Gerhardt/CLionProjects/Masterarbeit/llvm/runtime-specialization/benchmarks/reports/20260620_123550-uc-best-benchmark-failures/logs/d940a00e5d9950ea1d96464e2e19c7b1d8dffbd7.log	BM_g:uc1_sql;n:multi_predicate;a:low;s:SMALL;t:jit_overhead;/1000000/iterations:1/manual_time
pass	0	52a967683095fd0cda0f4b1edf3d3be571e46c72	/home/Jakob.Gerhardt/CLionProjects/Masterarbeit/llvm/runtime-specialization/benchmarks/reports/20260620_123550-uc-best-benchmark-failures/logs/52a967683095fd0cda0f4b1edf3d3be571e46c72.log	BM_g:uc1_sql;n:multi_predicate;a:low;s:MEDIUM;t:jit_overhead;/10000000/iterations:1/manual_time
pass	0	c2603998f934775d2055ad33b680f00b714f93ec	/home/Jakob.Gerhardt/CLionProjects/Masterarbeit/llvm/runtime-specialization/benchmarks/reports/20260620_123550-uc-best-benchmark-failures/logs/c2603998f934775d2055ad33b680f00b714f93ec.log	BM_g:uc1_sql;n:multi_predicate;a:low;s:LARGE;t:jit_overhead;/30000000/iterations:1/manual_time
pass	0	a50813617e83a1c46cf9b67d2eb37b2d2c15acad	/home/Jakob.Gerhardt/CLionProjects/Masterarbeit/llvm/runtime-specialization/benchmarks/reports/20260620_123550-uc-best-benchmark-failures/logs/a50813617e83a1c46cf9b67d2eb37b2d2c15acad.log	BM_g:uc1_sql;n:multi_predicate;a:low;s:EXTRALARGE;t:jit_overhead;/64000000/iterations:1/manual_time
pass	0	cb9282b5654d89891418acf52e0d91b502295fe3	/home/Jakob.Gerhardt/CLionProjects/Masterarbeit/llvm/runtime-specialization/benchmarks/reports/20260620_123550-uc-best-benchmark-failures/logs/cb9282b5654d89891418acf52e0d91b502295fe3.log	BM_g:uc1_sql;n:multi_predicate;a:low;s:SMALL;t:specialized_exec;/1000000
pass	0	453315cdbb38bf54b96df49ee082b0a51c8abe16	/home/Jakob.Gerhardt/CLionProjects/Masterarbeit/llvm/runtime-specialization/benchmarks/reports/20260620_123550-uc-best-benchmark-failures/logs/453315cdbb38bf54b96df49ee082b0a51c8abe16.log	BM_g:uc1_sql;n:multi_predicate;a:low;s:MEDIUM;t:specialized_exec;/10000000
pass	0	fe334c08c129d70bfe09a30f19546646b5dd8c06	/home/Jakob.Gerhardt/CLionProjects/Masterarbeit/llvm/runtime-specialization/benchmarks/reports/20260620_123550-uc-best-benchmark-failures/logs/fe334c08c129d70bfe09a30f19546646b5dd8c06.log	BM_g:uc1_sql;n:multi_predicate;a:low;s:LARGE;t:specialized_exec;/30000000
pass	0	c3698b349298823469d801163039b6123f3830da	/home/Jakob.Gerhardt/CLionProjects/Masterarbeit/llvm/runtime-specialization/benchmarks/reports/20260620_123550-uc-best-benchmark-failures/logs/c3698b349298823469d801163039b6123f3830da.log	BM_g:uc1_sql;n:multi_predicate;a:low;s:EXTRALARGE;t:specialized_exec;/64000000
pass	0	b8e61292db9b2b85bc60336c019e562067d17564	/home/Jakob.Gerhardt/CLionProjects/Masterarbeit/llvm/runtime-specialization/benchmarks/reports/20260620_123550-uc-best-benchmark-failures/logs/b8e61292db9b2b85bc60336c019e562067d17564.log	BM_g:uc1_sql;n:multi_predicate;a:tradeoff;s:SMALL;t:unspecialized;/1000000
pass	0	693220c88759f5b8a8db04517765b28cf3f78a61	/home/Jakob.Gerhardt/CLionProjects/Masterarbeit/llvm/runtime-specialization/benchmarks/reports/20260620_123550-uc-best-benchmark-failures/logs/693220c88759f5b8a8db04517765b28cf3f78a61.log	BM_g:uc1_sql;n:multi_predicate;a:tradeoff;s:MEDIUM;t:unspecialized;/10000000
pass	0	83ba74513b558056281309621a26fd5d899ea4cd	/home/Jakob.Gerhardt/CLionProjects/Masterarbeit/llvm/runtime-specialization/benchmarks/reports/20260620_123550-uc-best-benchmark-failures/logs/83ba74513b558056281309621a26fd5d899ea4cd.log	BM_g:uc1_sql;n:multi_predicate;a:tradeoff;s:LARGE;t:unspecialized;/30000000
pass	0	702c95185fb6169157699f0ccbb31c3e3f6ba5c8	/home/Jakob.Gerhardt/CLionProjects/Masterarbeit/llvm/runtime-specialization/benchmarks/reports/20260620_123550-uc-best-benchmark-failures/logs/702c95185fb6169157699f0ccbb31c3e3f6ba5c8.log	BM_g:uc1_sql;n:multi_predicate;a:tradeoff;s:EXTRALARGE;t:unspecialized;/64000000
pass	0	17d23434a7b6b6f23089092460ea046ff6998225	/home/Jakob.Gerhardt/CLionProjects/Masterarbeit/llvm/runtime-specialization/benchmarks/reports/20260620_123550-uc-best-benchmark-failures/logs/17d23434a7b6b6f23089092460ea046ff6998225.log	BM_g:uc1_sql;n:multi_predicate;a:tradeoff;s:SMALL;t:jit_overhead;/1000000/iterations:1/manual_time
pass	0	ac73be7b606770c027411558bb0a0e36d46fcd5b	/home/Jakob.Gerhardt/CLionProjects/Masterarbeit/llvm/runtime-specialization/benchmarks/reports/20260620_123550-uc-best-benchmark-failures/logs/ac73be7b606770c027411558bb0a0e36d46fcd5b.log	BM_g:uc1_sql;n:multi_predicate;a:tradeoff;s:MEDIUM;t:jit_overhead;/10000000/iterations:1/manual_time
pass	0	b5e1b431d699ef24b1a98c44e85dc524c3af90fe	/home/Jakob.Gerhardt/CLionProjects/Masterarbeit/llvm/runtime-specialization/benchmarks/reports/20260620_123550-uc-best-benchmark-failures/logs/b5e1b431d699ef24b1a98c44e85dc524c3af90fe.log	BM_g:uc1_sql;n:multi_predicate;a:tradeoff;s:LARGE;t:jit_overhead;/30000000/iterations:1/manual_time
pass	0	e002895ee333b04c866c4f08df7bbf5e55524774	/home/Jakob.Gerhardt/CLionProjects/Masterarbeit/llvm/runtime-specialization/benchmarks/reports/20260620_123550-uc-best-benchmark-failures/logs/e002895ee333b04c866c4f08df7bbf5e55524774.log	BM_g:uc1_sql;n:multi_predicate;a:tradeoff;s:EXTRALARGE;t:jit_overhead;/64000000/iterations:1/manual_time
pass	0	dbcf6ada9fddfb3e8c00b0668697f0d1104bc518	/home/Jakob.Gerhardt/CLionProjects/Masterarbeit/llvm/runtime-specialization/benchmarks/reports/20260620_123550-uc-best-benchmark-failures/logs/dbcf6ada9fddfb3e8c00b0668697f0d1104bc518.log	BM_g:uc1_sql;n:multi_predicate;a:tradeoff;s:SMALL;t:specialized_exec;/1000000
pass	0	6e4092452d0644c83b5f855923f917a038942fe4	/home/Jakob.Gerhardt/CLionProjects/Masterarbeit/llvm/runtime-specialization/benchmarks/reports/20260620_123550-uc-best-benchmark-failures/logs/6e4092452d0644c83b5f855923f917a038942fe4.log	BM_g:uc1_sql;n:multi_predicate;a:tradeoff;s:MEDIUM;t:specialized_exec;/10000000
pass	0	fa6db3481af2612a5ae0f5f69201e3fe1bbdc340	/home/Jakob.Gerhardt/CLionProjects/Masterarbeit/llvm/runtime-specialization/benchmarks/reports/20260620_123550-uc-best-benchmark-failures/logs/fa6db3481af2612a5ae0f5f69201e3fe1bbdc340.log	BM_g:uc1_sql;n:multi_predicate;a:tradeoff;s:LARGE;t:specialized_exec;/30000000
pass	0	56cf9dcd8214c18f97f8d0b73b50d7be59f82bc0	/home/Jakob.Gerhardt/CLionProjects/Masterarbeit/llvm/runtime-specialization/benchmarks/reports/20260620_123550-uc-best-benchmark-failures/logs/56cf9dcd8214c18f97f8d0b73b50d7be59f82bc0.log	BM_g:uc1_sql;n:multi_predicate;a:tradeoff;s:EXTRALARGE;t:specialized_exec;/64000000
pass	0	70d80beb90d51a041ecc92ab5a4c5eb7951f8dc0	/home/Jakob.Gerhardt/CLionProjects/Masterarbeit/llvm/runtime-specialization/benchmarks/reports/20260620_123550-uc-best-benchmark-failures/logs/70d80beb90d51a041ecc92ab5a4c5eb7951f8dc0.log	BM_g:uc1_sql;n:multi_predicate;a:abstract;s:SMALL;t:unspecialized;/1000000
pass	0	744ed701c57d6a0568908443ac6be6f6c1cc2648	/home/Jakob.Gerhardt/CLionProjects/Masterarbeit/llvm/runtime-specialization/benchmarks/reports/20260620_123550-uc-best-benchmark-failures/logs/744ed701c57d6a0568908443ac6be6f6c1cc2648.log	BM_g:uc1_sql;n:multi_predicate;a:abstract;s:MEDIUM;t:unspecialized;/10000000
pass	0	076ce5b387d64beaecb828635b7b2f2f45d69fa6	/home/Jakob.Gerhardt/CLionProjects/Masterarbeit/llvm/runtime-specialization/benchmarks/reports/20260620_123550-uc-best-benchmark-failures/logs/076ce5b387d64beaecb828635b7b2f2f45d69fa6.log	BM_g:uc1_sql;n:multi_predicate;a:abstract;s:LARGE;t:unspecialized;/30000000
pass	0	edac2b433f85d42e21dce7cc7795885db1963bbd	/home/Jakob.Gerhardt/CLionProjects/Masterarbeit/llvm/runtime-specialization/benchmarks/reports/20260620_123550-uc-best-benchmark-failures/logs/edac2b433f85d42e21dce7cc7795885db1963bbd.log	BM_g:uc1_sql;n:multi_predicate;a:abstract;s:EXTRALARGE;t:unspecialized;/64000000
pass	0	484e0ccaa9dc9f2c32b827dc576336b8c9bf3444	/home/Jakob.Gerhardt/CLionProjects/Masterarbeit/llvm/runtime-specialization/benchmarks/reports/20260620_123550-uc-best-benchmark-failures/logs/484e0ccaa9dc9f2c32b827dc576336b8c9bf3444.log	BM_g:uc1_sql;n:multi_predicate;a:abstract;s:SMALL;t:jit_overhead;/1000000/iterations:1/manual_time
pass	0	ef6c3859c7d9029d1a35efc0c52eea464e605b79	/home/Jakob.Gerhardt/CLionProjects/Masterarbeit/llvm/runtime-specialization/benchmarks/reports/20260620_123550-uc-best-benchmark-failures/logs/ef6c3859c7d9029d1a35efc0c52eea464e605b79.log	BM_g:uc1_sql;n:multi_predicate;a:abstract;s:MEDIUM;t:jit_overhead;/10000000/iterations:1/manual_time
pass	0	740f683d75625aebcd42eb6113ef85f5dcb7e813	/home/Jakob.Gerhardt/CLionProjects/Masterarbeit/llvm/runtime-specialization/benchmarks/reports/20260620_123550-uc-best-benchmark-failures/logs/740f683d75625aebcd42eb6113ef85f5dcb7e813.log	BM_g:uc1_sql;n:multi_predicate;a:abstract;s:LARGE;t:jit_overhead;/30000000/iterations:1/manual_time
pass	0	6b791536ad1ec66f223db78b5b356d4564a704b6	/home/Jakob.Gerhardt/CLionProjects/Masterarbeit/llvm/runtime-specialization/benchmarks/reports/20260620_123550-uc-best-benchmark-failures/logs/6b791536ad1ec66f223db78b5b356d4564a704b6.log	BM_g:uc1_sql;n:multi_predicate;a:abstract;s:EXTRALARGE;t:jit_overhead;/64000000/iterations:1/manual_time
pass	0	d582fa30648ec260588b1bd483536feee8871fe4	/home/Jakob.Gerhardt/CLionProjects/Masterarbeit/llvm/runtime-specialization/benchmarks/reports/20260620_123550-uc-best-benchmark-failures/logs/d582fa30648ec260588b1bd483536feee8871fe4.log	BM_g:uc1_sql;n:multi_predicate;a:abstract;s:SMALL;t:specialized_exec;/1000000
pass	0	32c29a9d0618e9e68f746853001d3cb232b6c03c	/home/Jakob.Gerhardt/CLionProjects/Masterarbeit/llvm/runtime-specialization/benchmarks/reports/20260620_123550-uc-best-benchmark-failures/logs/32c29a9d0618e9e68f746853001d3cb232b6c03c.log	BM_g:uc1_sql;n:multi_predicate;a:abstract;s:MEDIUM;t:specialized_exec;/10000000
pass	0	a91d2eb1b9d2f944766dee8d534363dd9045bcc6	/home/Jakob.Gerhardt/CLionProjects/Masterarbeit/llvm/runtime-specialization/benchmarks/reports/20260620_123550-uc-best-benchmark-failures/logs/a91d2eb1b9d2f944766dee8d534363dd9045bcc6.log	BM_g:uc1_sql;n:multi_predicate;a:abstract;s:LARGE;t:specialized_exec;/30000000
pass	0	7816a68607f0c0a64c33e7ac94dab1f6abcf3640	/home/Jakob.Gerhardt/CLionProjects/Masterarbeit/llvm/runtime-specialization/benchmarks/reports/20260620_123550-uc-best-benchmark-failures/logs/7816a68607f0c0a64c33e7ac94dab1f6abcf3640.log	BM_g:uc1_sql;n:multi_predicate;a:abstract;s:EXTRALARGE;t:specialized_exec;/64000000
pass	0	9e53d436a7b977ac55d75ec12034ccac78a793d0	/home/Jakob.Gerhardt/CLionProjects/Masterarbeit/llvm/runtime-specialization/benchmarks/reports/20260620_123550-uc-best-benchmark-failures/logs/9e53d436a7b977ac55d75ec12034ccac78a793d0.log	BM_g:uc1_sql;n:column_scan;a:low;s:SMALL;t:unspecialized;/1000000
pass	0	2816c7524426e926947176ef41e19b211179e252	/home/Jakob.Gerhardt/CLionProjects/Masterarbeit/llvm/runtime-specialization/benchmarks/reports/20260620_123550-uc-best-benchmark-failures/logs/2816c7524426e926947176ef41e19b211179e252.log	BM_g:uc1_sql;n:column_scan;a:low;s:MEDIUM;t:unspecialized;/10000000
pass	0	b475ae4ad5a54ff9d1c700732c82ee7dc91f673b	/home/Jakob.Gerhardt/CLionProjects/Masterarbeit/llvm/runtime-specialization/benchmarks/reports/20260620_123550-uc-best-benchmark-failures/logs/b475ae4ad5a54ff9d1c700732c82ee7dc91f673b.log	BM_g:uc1_sql;n:column_scan;a:low;s:LARGE;t:unspecialized;/30000000
pass	0	523c769d26790cd6759fbacceffcf74d62320dd7	/home/Jakob.Gerhardt/CLionProjects/Masterarbeit/llvm/runtime-specialization/benchmarks/reports/20260620_123550-uc-best-benchmark-failures/logs/523c769d26790cd6759fbacceffcf74d62320dd7.log	BM_g:uc1_sql;n:column_scan;a:low;s:EXTRALARGE;t:unspecialized;/64000000
pass	0	a267c0618fd0f5e84960200e544b516da8ca3c07	/home/Jakob.Gerhardt/CLionProjects/Masterarbeit/llvm/runtime-specialization/benchmarks/reports/20260620_123550-uc-best-benchmark-failures/logs/a267c0618fd0f5e84960200e544b516da8ca3c07.log	BM_g:uc1_sql;n:column_scan;a:low;s:SMALL;t:jit_overhead;/1000000/iterations:1/manual_time
pass	0	ecf933cb6275732e64540306c0a10cc4dc715923	/home/Jakob.Gerhardt/CLionProjects/Masterarbeit/llvm/runtime-specialization/benchmarks/reports/20260620_123550-uc-best-benchmark-failures/logs/ecf933cb6275732e64540306c0a10cc4dc715923.log	BM_g:uc1_sql;n:column_scan;a:low;s:MEDIUM;t:jit_overhead;/10000000/iterations:1/manual_time
pass	0	2ae519ca8cc8f5e8977acc29de7c373725c2eea5	/home/Jakob.Gerhardt/CLionProjects/Masterarbeit/llvm/runtime-specialization/benchmarks/reports/20260620_123550-uc-best-benchmark-failures/logs/2ae519ca8cc8f5e8977acc29de7c373725c2eea5.log	BM_g:uc1_sql;n:column_scan;a:low;s:LARGE;t:jit_overhead;/30000000/iterations:1/manual_time
pass	0	285f2457380979e005133d1b8ea7aefb3a974843	/home/Jakob.Gerhardt/CLionProjects/Masterarbeit/llvm/runtime-specialization/benchmarks/reports/20260620_123550-uc-best-benchmark-failures/logs/285f2457380979e005133d1b8ea7aefb3a974843.log	BM_g:uc1_sql;n:column_scan;a:low;s:EXTRALARGE;t:jit_overhead;/64000000/iterations:1/manual_time
pass	0	1863795584f51dc331943aeb2d0410f01c3437c5	/home/Jakob.Gerhardt/CLionProjects/Masterarbeit/llvm/runtime-specialization/benchmarks/reports/20260620_123550-uc-best-benchmark-failures/logs/1863795584f51dc331943aeb2d0410f01c3437c5.log	BM_g:uc1_sql;n:column_scan;a:low;s:SMALL;t:specialized_exec;/1000000
pass	0	df0f76497c37ee078bcb26ed421d6dbc13461881	/home/Jakob.Gerhardt/CLionProjects/Masterarbeit/llvm/runtime-specialization/benchmarks/reports/20260620_123550-uc-best-benchmark-failures/logs/df0f76497c37ee078bcb26ed421d6dbc13461881.log	BM_g:uc1_sql;n:column_scan;a:low;s:MEDIUM;t:specialized_exec;/10000000
pass	0	f145ccc01c263b9627c6c22ea3e681fa88388165	/home/Jakob.Gerhardt/CLionProjects/Masterarbeit/llvm/runtime-specialization/benchmarks/reports/20260620_123550-uc-best-benchmark-failures/logs/f145ccc01c263b9627c6c22ea3e681fa88388165.log	BM_g:uc1_sql;n:column_scan;a:low;s:LARGE;t:specialized_exec;/30000000
pass	0	e0a0e974eacda5ee23af82b7821e016c16945329	/home/Jakob.Gerhardt/CLionProjects/Masterarbeit/llvm/runtime-specialization/benchmarks/reports/20260620_123550-uc-best-benchmark-failures/logs/e0a0e974eacda5ee23af82b7821e016c16945329.log	BM_g:uc1_sql;n:column_scan;a:low;s:EXTRALARGE;t:specialized_exec;/64000000
pass	0	ebe898a8258836b83e7c8ca52d1f46f38e8a3a63	/home/Jakob.Gerhardt/CLionProjects/Masterarbeit/llvm/runtime-specialization/benchmarks/reports/20260620_123550-uc-best-benchmark-failures/logs/ebe898a8258836b83e7c8ca52d1f46f38e8a3a63.log	BM_g:uc1_sql;n:column_scan;a:tradeoff;s:SMALL;t:unspecialized;/1000000
pass	0	687bcda2635aad083f1c335d2ea95a56f68b70ee	/home/Jakob.Gerhardt/CLionProjects/Masterarbeit/llvm/runtime-specialization/benchmarks/reports/20260620_123550-uc-best-benchmark-failures/logs/687bcda2635aad083f1c335d2ea95a56f68b70ee.log	BM_g:uc1_sql;n:column_scan;a:tradeoff;s:MEDIUM;t:unspecialized;/10000000
pass	0	c40555658a341efc4502a5c3c9d2f77b9238a7b2	/home/Jakob.Gerhardt/CLionProjects/Masterarbeit/llvm/runtime-specialization/benchmarks/reports/20260620_123550-uc-best-benchmark-failures/logs/c40555658a341efc4502a5c3c9d2f77b9238a7b2.log	BM_g:uc1_sql;n:column_scan;a:tradeoff;s:LARGE;t:unspecialized;/30000000
pass	0	69c035e48c2479d580ab784834169e306cee097e	/home/Jakob.Gerhardt/CLionProjects/Masterarbeit/llvm/runtime-specialization/benchmarks/reports/20260620_123550-uc-best-benchmark-failures/logs/69c035e48c2479d580ab784834169e306cee097e.log	BM_g:uc1_sql;n:column_scan;a:tradeoff;s:EXTRALARGE;t:unspecialized;/64000000
pass	0	41ac9d7ee0b78e46251811c938019bef959e9eaf	/home/Jakob.Gerhardt/CLionProjects/Masterarbeit/llvm/runtime-specialization/benchmarks/reports/20260620_123550-uc-best-benchmark-failures/logs/41ac9d7ee0b78e46251811c938019bef959e9eaf.log	BM_g:uc1_sql;n:column_scan;a:tradeoff;s:SMALL;t:jit_overhead;/1000000/iterations:1/manual_time
pass	0	7c7e178776dbc252f8aebc56ad332e66697d1047	/home/Jakob.Gerhardt/CLionProjects/Masterarbeit/llvm/runtime-specialization/benchmarks/reports/20260620_123550-uc-best-benchmark-failures/logs/7c7e178776dbc252f8aebc56ad332e66697d1047.log	BM_g:uc1_sql;n:column_scan;a:tradeoff;s:MEDIUM;t:jit_overhead;/10000000/iterations:1/manual_time
pass	0	3038a77009fb17eb0a1dae4589bc26956b0504b8	/home/Jakob.Gerhardt/CLionProjects/Masterarbeit/llvm/runtime-specialization/benchmarks/reports/20260620_123550-uc-best-benchmark-failures/logs/3038a77009fb17eb0a1dae4589bc26956b0504b8.log	BM_g:uc1_sql;n:column_scan;a:tradeoff;s:LARGE;t:jit_overhead;/30000000/iterations:1/manual_time
pass	0	d3bf670d6e76c55618b76e8a726bc7249c5d0291	/home/Jakob.Gerhardt/CLionProjects/Masterarbeit/llvm/runtime-specialization/benchmarks/reports/20260620_123550-uc-best-benchmark-failures/logs/d3bf670d6e76c55618b76e8a726bc7249c5d0291.log	BM_g:uc1_sql;n:column_scan;a:tradeoff;s:EXTRALARGE;t:jit_overhead;/64000000/iterations:1/manual_time
pass	0	bb05d3b30d867479d4d5ffb787903d4dcfe7df91	/home/Jakob.Gerhardt/CLionProjects/Masterarbeit/llvm/runtime-specialization/benchmarks/reports/20260620_123550-uc-best-benchmark-failures/logs/bb05d3b30d867479d4d5ffb787903d4dcfe7df91.log	BM_g:uc1_sql;n:column_scan;a:tradeoff;s:SMALL;t:specialized_exec;/1000000
pass	0	74c9e4fd8986977accaf77c3ffa011b465c1e967	/home/Jakob.Gerhardt/CLionProjects/Masterarbeit/llvm/runtime-specialization/benchmarks/reports/20260620_123550-uc-best-benchmark-failures/logs/74c9e4fd8986977accaf77c3ffa011b465c1e967.log	BM_g:uc1_sql;n:column_scan;a:tradeoff;s:MEDIUM;t:specialized_exec;/10000000
pass	0	646f16475d40dfea48b7fa42f8ee34dabef85f1c	/home/Jakob.Gerhardt/CLionProjects/Masterarbeit/llvm/runtime-specialization/benchmarks/reports/20260620_123550-uc-best-benchmark-failures/logs/646f16475d40dfea48b7fa42f8ee34dabef85f1c.log	BM_g:uc1_sql;n:column_scan;a:tradeoff;s:LARGE;t:specialized_exec;/30000000
pass	0	d04fa2f00e0986568317581b6ec83ec8468a2518	/home/Jakob.Gerhardt/CLionProjects/Masterarbeit/llvm/runtime-specialization/benchmarks/reports/20260620_123550-uc-best-benchmark-failures/logs/d04fa2f00e0986568317581b6ec83ec8468a2518.log	BM_g:uc1_sql;n:column_scan;a:tradeoff;s:EXTRALARGE;t:specialized_exec;/64000000
pass	0	b4799ea0ee533f57eccace352feb7243112a10c3	/home/Jakob.Gerhardt/CLionProjects/Masterarbeit/llvm/runtime-specialization/benchmarks/reports/20260620_123550-uc-best-benchmark-failures/logs/b4799ea0ee533f57eccace352feb7243112a10c3.log	BM_g:uc1_sql;n:column_scan;a:abstract;s:SMALL;t:unspecialized;/1000000
pass	0	c310a66c03eeb000af655072504283580240e966	/home/Jakob.Gerhardt/CLionProjects/Masterarbeit/llvm/runtime-specialization/benchmarks/reports/20260620_123550-uc-best-benchmark-failures/logs/c310a66c03eeb000af655072504283580240e966.log	BM_g:uc1_sql;n:column_scan;a:abstract;s:MEDIUM;t:unspecialized;/10000000
pass	0	3a5a373819c4c4f146a847aa34aa108e34b6a47b	/home/Jakob.Gerhardt/CLionProjects/Masterarbeit/llvm/runtime-specialization/benchmarks/reports/20260620_123550-uc-best-benchmark-failures/logs/3a5a373819c4c4f146a847aa34aa108e34b6a47b.log	BM_g:uc1_sql;n:column_scan;a:abstract;s:LARGE;t:unspecialized;/30000000
pass	0	ba5a349173f9ff52e1628e8be50e3f4d705896ff	/home/Jakob.Gerhardt/CLionProjects/Masterarbeit/llvm/runtime-specialization/benchmarks/reports/20260620_123550-uc-best-benchmark-failures/logs/ba5a349173f9ff52e1628e8be50e3f4d705896ff.log	BM_g:uc1_sql;n:column_scan;a:abstract;s:EXTRALARGE;t:unspecialized;/64000000
pass	0	7c71db716237657455497a35f6159a8fc1dfb5bf	/home/Jakob.Gerhardt/CLionProjects/Masterarbeit/llvm/runtime-specialization/benchmarks/reports/20260620_123550-uc-best-benchmark-failures/logs/7c71db716237657455497a35f6159a8fc1dfb5bf.log	BM_g:uc1_sql;n:column_scan;a:abstract;s:SMALL;t:jit_overhead;/1000000/iterations:1/manual_time
pass	0	d3472601d20e7058bab03a5ab9dd6ab02ca451f2	/home/Jakob.Gerhardt/CLionProjects/Masterarbeit/llvm/runtime-specialization/benchmarks/reports/20260620_123550-uc-best-benchmark-failures/logs/d3472601d20e7058bab03a5ab9dd6ab02ca451f2.log	BM_g:uc1_sql;n:column_scan;a:abstract;s:MEDIUM;t:jit_overhead;/10000000/iterations:1/manual_time
pass	0	fcdfbb641caa8d68ce6cd9996c1869d8597edfb1	/home/Jakob.Gerhardt/CLionProjects/Masterarbeit/llvm/runtime-specialization/benchmarks/reports/20260620_123550-uc-best-benchmark-failures/logs/fcdfbb641caa8d68ce6cd9996c1869d8597edfb1.log	BM_g:uc1_sql;n:column_scan;a:abstract;s:LARGE;t:jit_overhead;/30000000/iterations:1/manual_time
pass	0	d5d53880b8d3374681b9e2dc90243a2a31031840	/home/Jakob.Gerhardt/CLionProjects/Masterarbeit/llvm/runtime-specialization/benchmarks/reports/20260620_123550-uc-best-benchmark-failures/logs/d5d53880b8d3374681b9e2dc90243a2a31031840.log	BM_g:uc1_sql;n:column_scan;a:abstract;s:EXTRALARGE;t:jit_overhead;/64000000/iterations:1/manual_time
pass	0	6ad8d2465d0b4a295bad09c74f85d0fcf170f454	/home/Jakob.Gerhardt/CLionProjects/Masterarbeit/llvm/runtime-specialization/benchmarks/reports/20260620_123550-uc-best-benchmark-failures/logs/6ad8d2465d0b4a295bad09c74f85d0fcf170f454.log	BM_g:uc1_sql;n:column_scan;a:abstract;s:SMALL;t:specialized_exec;/1000000
pass	0	0b2867dc8a246dd6a429110d1ec7da7fc8af6e83	/home/Jakob.Gerhardt/CLionProjects/Masterarbeit/llvm/runtime-specialization/benchmarks/reports/20260620_123550-uc-best-benchmark-failures/logs/0b2867dc8a246dd6a429110d1ec7da7fc8af6e83.log	BM_g:uc1_sql;n:column_scan;a:abstract;s:MEDIUM;t:specialized_exec;/10000000
pass	0	1f76d8327e9b5222bd6c1c85696bf44b15fff559	/home/Jakob.Gerhardt/CLionProjects/Masterarbeit/llvm/runtime-specialization/benchmarks/reports/20260620_123550-uc-best-benchmark-failures/logs/1f76d8327e9b5222bd6c1c85696bf44b15fff559.log	BM_g:uc1_sql;n:column_scan;a:abstract;s:LARGE;t:specialized_exec;/30000000
pass	0	8ec1c8059abb0840e678ed4a7e459305038ab4fc	/home/Jakob.Gerhardt/CLionProjects/Masterarbeit/llvm/runtime-specialization/benchmarks/reports/20260620_123550-uc-best-benchmark-failures/logs/8ec1c8059abb0840e678ed4a7e459305038ab4fc.log	BM_g:uc1_sql;n:column_scan;a:abstract;s:EXTRALARGE;t:specialized_exec;/64000000
pass	0	5d96ba18363f1856a70d2d3c6d6cb4a0341f2397	/home/Jakob.Gerhardt/CLionProjects/Masterarbeit/llvm/runtime-specialization/benchmarks/reports/20260620_123550-uc-best-benchmark-failures/logs/5d96ba18363f1856a70d2d3c6d6cb4a0341f2397.log	BM_g:uc2_conv;n:separable_gaussian;a:low;s:SMALL;t:unspecialized;/1
pass	0	71b42adc7c50ddac7e9599681ac0a8797db72d8e	/home/Jakob.Gerhardt/CLionProjects/Masterarbeit/llvm/runtime-specialization/benchmarks/reports/20260620_123550-uc-best-benchmark-failures/logs/71b42adc7c50ddac7e9599681ac0a8797db72d8e.log	BM_g:uc2_conv;n:separable_gaussian;a:low;s:MEDIUM;t:unspecialized;/6
pass	0	1c8a7ad2aaf24196471951479b9e619ea98fabb1	/home/Jakob.Gerhardt/CLionProjects/Masterarbeit/llvm/runtime-specialization/benchmarks/reports/20260620_123550-uc-best-benchmark-failures/logs/1c8a7ad2aaf24196471951479b9e619ea98fabb1.log	BM_g:uc2_conv;n:separable_gaussian;a:low;s:LARGE;t:unspecialized;/58
pass	0	0f5fa7391792297028fb4269f8f95066ccc0b5ef	/home/Jakob.Gerhardt/CLionProjects/Masterarbeit/llvm/runtime-specialization/benchmarks/reports/20260620_123550-uc-best-benchmark-failures/logs/0f5fa7391792297028fb4269f8f95066ccc0b5ef.log	BM_g:uc2_conv;n:separable_gaussian;a:low;s:EXTRALARGE;t:unspecialized;/58
pass	0	0d82fe6ef0a14f639190094190375813dbb2c7dd	/home/Jakob.Gerhardt/CLionProjects/Masterarbeit/llvm/runtime-specialization/benchmarks/reports/20260620_123550-uc-best-benchmark-failures/logs/0d82fe6ef0a14f639190094190375813dbb2c7dd.log	BM_g:uc2_conv;n:separable_gaussian;a:low;s:SMALL;t:jit_overhead;/1/iterations:1/manual_time
pass	0	28ad2c8996be6b2d8dadf272ebaa452ba96b8a6b	/home/Jakob.Gerhardt/CLionProjects/Masterarbeit/llvm/runtime-specialization/benchmarks/reports/20260620_123550-uc-best-benchmark-failures/logs/28ad2c8996be6b2d8dadf272ebaa452ba96b8a6b.log	BM_g:uc2_conv;n:separable_gaussian;a:low;s:MEDIUM;t:jit_overhead;/6/iterations:1/manual_time
pass	0	3e5a9621193eb06dbc8dc92e405e4b9fe1ec5be2	/home/Jakob.Gerhardt/CLionProjects/Masterarbeit/llvm/runtime-specialization/benchmarks/reports/20260620_123550-uc-best-benchmark-failures/logs/3e5a9621193eb06dbc8dc92e405e4b9fe1ec5be2.log	BM_g:uc2_conv;n:separable_gaussian;a:low;s:LARGE;t:jit_overhead;/58/iterations:1/manual_time
pass	0	b4578215633b0dc438dac122651a7e8145269d72	/home/Jakob.Gerhardt/CLionProjects/Masterarbeit/llvm/runtime-specialization/benchmarks/reports/20260620_123550-uc-best-benchmark-failures/logs/b4578215633b0dc438dac122651a7e8145269d72.log	BM_g:uc2_conv;n:separable_gaussian;a:low;s:EXTRALARGE;t:jit_overhead;/58/iterations:1/manual_time
pass	0	fa8047559fef675a4eb2e80459c796de923a8922	/home/Jakob.Gerhardt/CLionProjects/Masterarbeit/llvm/runtime-specialization/benchmarks/reports/20260620_123550-uc-best-benchmark-failures/logs/fa8047559fef675a4eb2e80459c796de923a8922.log	BM_g:uc2_conv;n:separable_gaussian;a:low;s:SMALL;t:specialized_exec;/1
pass	0	eff6a83d1b1a0d885f5ed178f8cb470d03c04c2a	/home/Jakob.Gerhardt/CLionProjects/Masterarbeit/llvm/runtime-specialization/benchmarks/reports/20260620_123550-uc-best-benchmark-failures/logs/eff6a83d1b1a0d885f5ed178f8cb470d03c04c2a.log	BM_g:uc2_conv;n:separable_gaussian;a:low;s:MEDIUM;t:specialized_exec;/6
pass	0	88ff752992c5c08764e469cd9bb7892536e74ad4	/home/Jakob.Gerhardt/CLionProjects/Masterarbeit/llvm/runtime-specialization/benchmarks/reports/20260620_123550-uc-best-benchmark-failures/logs/88ff752992c5c08764e469cd9bb7892536e74ad4.log	BM_g:uc2_conv;n:separable_gaussian;a:low;s:LARGE;t:specialized_exec;/58
pass	0	a4743e5e81b631b92b968a771f11dd8cd0f5eef6	/home/Jakob.Gerhardt/CLionProjects/Masterarbeit/llvm/runtime-specialization/benchmarks/reports/20260620_123550-uc-best-benchmark-failures/logs/a4743e5e81b631b92b968a771f11dd8cd0f5eef6.log	BM_g:uc2_conv;n:separable_gaussian;a:low;s:EXTRALARGE;t:specialized_exec;/58
pass	0	3ad354af78b1a2fb4e6679b9b777dc3c08b0eb50	/home/Jakob.Gerhardt/CLionProjects/Masterarbeit/llvm/runtime-specialization/benchmarks/reports/20260620_123550-uc-best-benchmark-failures/logs/3ad354af78b1a2fb4e6679b9b777dc3c08b0eb50.log	BM_g:uc2_conv;n:box_filter;a:low;s:SMALL;t:unspecialized;/1
pass	0	b26f5f5f33a7c10b3a261152b21323773ca5552d	/home/Jakob.Gerhardt/CLionProjects/Masterarbeit/llvm/runtime-specialization/benchmarks/reports/20260620_123550-uc-best-benchmark-failures/logs/b26f5f5f33a7c10b3a261152b21323773ca5552d.log	BM_g:uc2_conv;n:box_filter;a:low;s:MEDIUM;t:unspecialized;/6
pass	0	ec00d20ffefad7ff1169b66a02bc37e65cb7df18	/home/Jakob.Gerhardt/CLionProjects/Masterarbeit/llvm/runtime-specialization/benchmarks/reports/20260620_123550-uc-best-benchmark-failures/logs/ec00d20ffefad7ff1169b66a02bc37e65cb7df18.log	BM_g:uc2_conv;n:box_filter;a:low;s:LARGE;t:unspecialized;/58
pass	0	e42a76e130d5f2eb718673d7bdd3f9dad4f9f894	/home/Jakob.Gerhardt/CLionProjects/Masterarbeit/llvm/runtime-specialization/benchmarks/reports/20260620_123550-uc-best-benchmark-failures/logs/e42a76e130d5f2eb718673d7bdd3f9dad4f9f894.log	BM_g:uc2_conv;n:box_filter;a:low;s:EXTRALARGE;t:unspecialized;/58
pass	0	7526e3c8f10a09b29f2bee01eeb0cbdca2d24f19	/home/Jakob.Gerhardt/CLionProjects/Masterarbeit/llvm/runtime-specialization/benchmarks/reports/20260620_123550-uc-best-benchmark-failures/logs/7526e3c8f10a09b29f2bee01eeb0cbdca2d24f19.log	BM_g:uc2_conv;n:box_filter;a:low;s:SMALL;t:jit_overhead;/1/iterations:1/manual_time
pass	0	1848865f5c010cae6fd5ddba9c504cb2152280c0	/home/Jakob.Gerhardt/CLionProjects/Masterarbeit/llvm/runtime-specialization/benchmarks/reports/20260620_123550-uc-best-benchmark-failures/logs/1848865f5c010cae6fd5ddba9c504cb2152280c0.log	BM_g:uc2_conv;n:box_filter;a:low;s:MEDIUM;t:jit_overhead;/6/iterations:1/manual_time
pass	0	77a87ae037c99d227a71e69f433e9e69104db77c	/home/Jakob.Gerhardt/CLionProjects/Masterarbeit/llvm/runtime-specialization/benchmarks/reports/20260620_123550-uc-best-benchmark-failures/logs/77a87ae037c99d227a71e69f433e9e69104db77c.log	BM_g:uc2_conv;n:box_filter;a:low;s:LARGE;t:jit_overhead;/58/iterations:1/manual_time
pass	0	824f869a1c3ea6ec153101ad956360004074169b	/home/Jakob.Gerhardt/CLionProjects/Masterarbeit/llvm/runtime-specialization/benchmarks/reports/20260620_123550-uc-best-benchmark-failures/logs/824f869a1c3ea6ec153101ad956360004074169b.log	BM_g:uc2_conv;n:box_filter;a:low;s:EXTRALARGE;t:jit_overhead;/58/iterations:1/manual_time
pass	0	ed9621d0510aa2f89d82d88663939f6919360e64	/home/Jakob.Gerhardt/CLionProjects/Masterarbeit/llvm/runtime-specialization/benchmarks/reports/20260620_123550-uc-best-benchmark-failures/logs/ed9621d0510aa2f89d82d88663939f6919360e64.log	BM_g:uc2_conv;n:box_filter;a:low;s:SMALL;t:specialized_exec;/1
pass	0	fec58bdf7f55cda2bd55582a2d7b0d4b6e6fb3f5	/home/Jakob.Gerhardt/CLionProjects/Masterarbeit/llvm/runtime-specialization/benchmarks/reports/20260620_123550-uc-best-benchmark-failures/logs/fec58bdf7f55cda2bd55582a2d7b0d4b6e6fb3f5.log	BM_g:uc2_conv;n:box_filter;a:low;s:MEDIUM;t:specialized_exec;/6
pass	0	16c4d91cff2d13c937ad463d7ec3f0ca789942d0	/home/Jakob.Gerhardt/CLionProjects/Masterarbeit/llvm/runtime-specialization/benchmarks/reports/20260620_123550-uc-best-benchmark-failures/logs/16c4d91cff2d13c937ad463d7ec3f0ca789942d0.log	BM_g:uc2_conv;n:box_filter;a:low;s:LARGE;t:specialized_exec;/58
pass	0	3e71d88dc96314c4a2cbd80bb226317b7a27e3a1	/home/Jakob.Gerhardt/CLionProjects/Masterarbeit/llvm/runtime-specialization/benchmarks/reports/20260620_123550-uc-best-benchmark-failures/logs/3e71d88dc96314c4a2cbd80bb226317b7a27e3a1.log	BM_g:uc2_conv;n:box_filter;a:low;s:EXTRALARGE;t:specialized_exec;/58
pass	0	d5f4510e17ec0a21d93e9571ecb9dd3d81b6790f	/home/Jakob.Gerhardt/CLionProjects/Masterarbeit/llvm/runtime-specialization/benchmarks/reports/20260620_123550-uc-best-benchmark-failures/logs/d5f4510e17ec0a21d93e9571ecb9dd3d81b6790f.log	BM_g:uc2_conv;n:edge_detection;a:low;s:SMALL;t:unspecialized;/1
pass	0	181be4ac0b4f3c28e89224764c773a419414e18e	/home/Jakob.Gerhardt/CLionProjects/Masterarbeit/llvm/runtime-specialization/benchmarks/reports/20260620_123550-uc-best-benchmark-failures/logs/181be4ac0b4f3c28e89224764c773a419414e18e.log	BM_g:uc2_conv;n:edge_detection;a:low;s:MEDIUM;t:unspecialized;/6
pass	0	d470abe8dcfa9d2ae86568ad76216d59a3f2e0f0	/home/Jakob.Gerhardt/CLionProjects/Masterarbeit/llvm/runtime-specialization/benchmarks/reports/20260620_123550-uc-best-benchmark-failures/logs/d470abe8dcfa9d2ae86568ad76216d59a3f2e0f0.log	BM_g:uc2_conv;n:edge_detection;a:low;s:LARGE;t:unspecialized;/58
pass	0	e96a64e2ba1c3a1022f741d16ba8487a2aa98b4d	/home/Jakob.Gerhardt/CLionProjects/Masterarbeit/llvm/runtime-specialization/benchmarks/reports/20260620_123550-uc-best-benchmark-failures/logs/e96a64e2ba1c3a1022f741d16ba8487a2aa98b4d.log	BM_g:uc2_conv;n:edge_detection;a:low;s:EXTRALARGE;t:unspecialized;/58
pass	0	420e79ede846d23b94866c32918d3bbab1592b94	/home/Jakob.Gerhardt/CLionProjects/Masterarbeit/llvm/runtime-specialization/benchmarks/reports/20260620_123550-uc-best-benchmark-failures/logs/420e79ede846d23b94866c32918d3bbab1592b94.log	BM_g:uc2_conv;n:edge_detection;a:low;s:SMALL;t:jit_overhead;/1/iterations:1/manual_time
pass	0	b639aafb12f7afa685143d5608f5dd4ff90d6f41	/home/Jakob.Gerhardt/CLionProjects/Masterarbeit/llvm/runtime-specialization/benchmarks/reports/20260620_123550-uc-best-benchmark-failures/logs/b639aafb12f7afa685143d5608f5dd4ff90d6f41.log	BM_g:uc2_conv;n:edge_detection;a:low;s:MEDIUM;t:jit_overhead;/6/iterations:1/manual_time
pass	0	df8dbe86c56825a5e501c76f0d12deb192ba8b46	/home/Jakob.Gerhardt/CLionProjects/Masterarbeit/llvm/runtime-specialization/benchmarks/reports/20260620_123550-uc-best-benchmark-failures/logs/df8dbe86c56825a5e501c76f0d12deb192ba8b46.log	BM_g:uc2_conv;n:edge_detection;a:low;s:LARGE;t:jit_overhead;/58/iterations:1/manual_time
pass	0	04b766718358a5ca190a8771794ff0fcfa88c61f	/home/Jakob.Gerhardt/CLionProjects/Masterarbeit/llvm/runtime-specialization/benchmarks/reports/20260620_123550-uc-best-benchmark-failures/logs/04b766718358a5ca190a8771794ff0fcfa88c61f.log	BM_g:uc2_conv;n:edge_detection;a:low;s:EXTRALARGE;t:jit_overhead;/58/iterations:1/manual_time
pass	0	cc253f6f47823eef56cf4301f5f7c2501bca2f06	/home/Jakob.Gerhardt/CLionProjects/Masterarbeit/llvm/runtime-specialization/benchmarks/reports/20260620_123550-uc-best-benchmark-failures/logs/cc253f6f47823eef56cf4301f5f7c2501bca2f06.log	BM_g:uc2_conv;n:edge_detection;a:low;s:SMALL;t:specialized_exec;/1
pass	0	ddb3d95ba7490031a68d6e5c22536c5dad604057	/home/Jakob.Gerhardt/CLionProjects/Masterarbeit/llvm/runtime-specialization/benchmarks/reports/20260620_123550-uc-best-benchmark-failures/logs/ddb3d95ba7490031a68d6e5c22536c5dad604057.log	BM_g:uc2_conv;n:edge_detection;a:low;s:MEDIUM;t:specialized_exec;/6
pass	0	19bd9823766fff3794c50313f76822f48e897ab0	/home/Jakob.Gerhardt/CLionProjects/Masterarbeit/llvm/runtime-specialization/benchmarks/reports/20260620_123550-uc-best-benchmark-failures/logs/19bd9823766fff3794c50313f76822f48e897ab0.log	BM_g:uc2_conv;n:edge_detection;a:low;s:LARGE;t:specialized_exec;/58
pass	0	87b321f091024532ebc4b7a3aaa66b264a43db49	/home/Jakob.Gerhardt/CLionProjects/Masterarbeit/llvm/runtime-specialization/benchmarks/reports/20260620_123550-uc-best-benchmark-failures/logs/87b321f091024532ebc4b7a3aaa66b264a43db49.log	BM_g:uc2_conv;n:edge_detection;a:low;s:EXTRALARGE;t:specialized_exec;/58
pass	0	3b0d3b9ae54bb28c91be89b159516dc16015d8c1	/home/Jakob.Gerhardt/CLionProjects/Masterarbeit/llvm/runtime-specialization/benchmarks/reports/20260620_123550-uc-best-benchmark-failures/logs/3b0d3b9ae54bb28c91be89b159516dc16015d8c1.log	BM_g:uc2_conv;n:separable_gaussian;a:tradeoff;s:SMALL;t:unspecialized;/1
pass	0	f81bf064d8803ec39680270b3453152088c8a74a	/home/Jakob.Gerhardt/CLionProjects/Masterarbeit/llvm/runtime-specialization/benchmarks/reports/20260620_123550-uc-best-benchmark-failures/logs/f81bf064d8803ec39680270b3453152088c8a74a.log	BM_g:uc2_conv;n:separable_gaussian;a:tradeoff;s:MEDIUM;t:unspecialized;/6
pass	0	893f704564108605b32f8872620a6a99692b4cd2	/home/Jakob.Gerhardt/CLionProjects/Masterarbeit/llvm/runtime-specialization/benchmarks/reports/20260620_123550-uc-best-benchmark-failures/logs/893f704564108605b32f8872620a6a99692b4cd2.log	BM_g:uc2_conv;n:separable_gaussian;a:tradeoff;s:LARGE;t:unspecialized;/58
pass	0	8f039435907f76f922c3d6e882675ea088e63a8f	/home/Jakob.Gerhardt/CLionProjects/Masterarbeit/llvm/runtime-specialization/benchmarks/reports/20260620_123550-uc-best-benchmark-failures/logs/8f039435907f76f922c3d6e882675ea088e63a8f.log	BM_g:uc2_conv;n:separable_gaussian;a:tradeoff;s:EXTRALARGE;t:unspecialized;/58
pass	0	5304be468975cde0688b07a4875f28b8ecd73494	/home/Jakob.Gerhardt/CLionProjects/Masterarbeit/llvm/runtime-specialization/benchmarks/reports/20260620_123550-uc-best-benchmark-failures/logs/5304be468975cde0688b07a4875f28b8ecd73494.log	BM_g:uc2_conv;n:separable_gaussian;a:tradeoff;s:SMALL;t:jit_overhead;/1/iterations:1/manual_time
pass	0	910874a4066e27ebc25032091d2711f5054fcc79	/home/Jakob.Gerhardt/CLionProjects/Masterarbeit/llvm/runtime-specialization/benchmarks/reports/20260620_123550-uc-best-benchmark-failures/logs/910874a4066e27ebc25032091d2711f5054fcc79.log	BM_g:uc2_conv;n:separable_gaussian;a:tradeoff;s:MEDIUM;t:jit_overhead;/6/iterations:1/manual_time
pass	0	939b3216bf99be68221c5bd34498f8399c0c0f5a	/home/Jakob.Gerhardt/CLionProjects/Masterarbeit/llvm/runtime-specialization/benchmarks/reports/20260620_123550-uc-best-benchmark-failures/logs/939b3216bf99be68221c5bd34498f8399c0c0f5a.log	BM_g:uc2_conv;n:separable_gaussian;a:tradeoff;s:LARGE;t:jit_overhead;/58/iterations:1/manual_time
pass	0	920f97071d32aa6655de0f0c98f552cdee3c57f7	/home/Jakob.Gerhardt/CLionProjects/Masterarbeit/llvm/runtime-specialization/benchmarks/reports/20260620_123550-uc-best-benchmark-failures/logs/920f97071d32aa6655de0f0c98f552cdee3c57f7.log	BM_g:uc2_conv;n:separable_gaussian;a:tradeoff;s:EXTRALARGE;t:jit_overhead;/58/iterations:1/manual_time
pass	0	a00bb3191dd6ae80628e8b1798b36f3dfd230ab9	/home/Jakob.Gerhardt/CLionProjects/Masterarbeit/llvm/runtime-specialization/benchmarks/reports/20260620_123550-uc-best-benchmark-failures/logs/a00bb3191dd6ae80628e8b1798b36f3dfd230ab9.log	BM_g:uc2_conv;n:separable_gaussian;a:tradeoff;s:SMALL;t:specialized_exec;/1
pass	0	027a04673f522220ab13eae20f2340325c87269f	/home/Jakob.Gerhardt/CLionProjects/Masterarbeit/llvm/runtime-specialization/benchmarks/reports/20260620_123550-uc-best-benchmark-failures/logs/027a04673f522220ab13eae20f2340325c87269f.log	BM_g:uc2_conv;n:separable_gaussian;a:tradeoff;s:MEDIUM;t:specialized_exec;/6
timeout	124	66ee30de5236fe0a7f329e13ef006b17fc11526e	/home/Jakob.Gerhardt/CLionProjects/Masterarbeit/llvm/runtime-specialization/benchmarks/reports/20260620_123550-uc-best-benchmark-failures/logs/66ee30de5236fe0a7f329e13ef006b17fc11526e.log	BM_g:uc2_conv;n:separable_gaussian;a:tradeoff;s:LARGE;t:specialized_exec;/58
timeout	124	3187bf78da0a68e8ed92270452d06213ec23550f	/home/Jakob.Gerhardt/CLionProjects/Masterarbeit/llvm/runtime-specialization/benchmarks/reports/20260620_123550-uc-best-benchmark-failures/logs/3187bf78da0a68e8ed92270452d06213ec23550f.log	BM_g:uc2_conv;n:separable_gaussian;a:tradeoff;s:EXTRALARGE;t:specialized_exec;/58
pass	0	5fe90a8b28a097fe0c184f307a0c6bcc3722b077	/home/Jakob.Gerhardt/CLionProjects/Masterarbeit/llvm/runtime-specialization/benchmarks/reports/20260620_123550-uc-best-benchmark-failures/logs/5fe90a8b28a097fe0c184f307a0c6bcc3722b077.log	BM_g:uc2_conv;n:box_filter;a:tradeoff;s:SMALL;t:unspecialized;/1
pass	0	9e63d83917246f821b53bc7a9a8887b3599945e1	/home/Jakob.Gerhardt/CLionProjects/Masterarbeit/llvm/runtime-specialization/benchmarks/reports/20260620_123550-uc-best-benchmark-failures/logs/9e63d83917246f821b53bc7a9a8887b3599945e1.log	BM_g:uc2_conv;n:box_filter;a:tradeoff;s:MEDIUM;t:unspecialized;/6
pass	0	dd5983fabc1e0aa8559dbf77800eee67ff1280d3	/home/Jakob.Gerhardt/CLionProjects/Masterarbeit/llvm/runtime-specialization/benchmarks/reports/20260620_123550-uc-best-benchmark-failures/logs/dd5983fabc1e0aa8559dbf77800eee67ff1280d3.log	BM_g:uc2_conv;n:box_filter;a:tradeoff;s:LARGE;t:unspecialized;/58
pass	0	f213e29463fe30b8861cd21cae7df996999593d6	/home/Jakob.Gerhardt/CLionProjects/Masterarbeit/llvm/runtime-specialization/benchmarks/reports/20260620_123550-uc-best-benchmark-failures/logs/f213e29463fe30b8861cd21cae7df996999593d6.log	BM_g:uc2_conv;n:box_filter;a:tradeoff;s:EXTRALARGE;t:unspecialized;/58
pass	0	6769ee9e61675a4451fbc1f188d2f0b337cb5d85	/home/Jakob.Gerhardt/CLionProjects/Masterarbeit/llvm/runtime-specialization/benchmarks/reports/20260620_123550-uc-best-benchmark-failures/logs/6769ee9e61675a4451fbc1f188d2f0b337cb5d85.log	BM_g:uc2_conv;n:box_filter;a:tradeoff;s:SMALL;t:jit_overhead;/1/iterations:1/manual_time
pass	0	2f55186f1c682231e5014f0bd3495f3beac75aa4	/home/Jakob.Gerhardt/CLionProjects/Masterarbeit/llvm/runtime-specialization/benchmarks/reports/20260620_123550-uc-best-benchmark-failures/logs/2f55186f1c682231e5014f0bd3495f3beac75aa4.log	BM_g:uc2_conv;n:box_filter;a:tradeoff;s:MEDIUM;t:jit_overhead;/6/iterations:1/manual_time
pass	0	cf728fb7bdb478f4a6736b60673a739867ef02ab	/home/Jakob.Gerhardt/CLionProjects/Masterarbeit/llvm/runtime-specialization/benchmarks/reports/20260620_123550-uc-best-benchmark-failures/logs/cf728fb7bdb478f4a6736b60673a739867ef02ab.log	BM_g:uc2_conv;n:box_filter;a:tradeoff;s:LARGE;t:jit_overhead;/58/iterations:1/manual_time
pass	0	61daa1ff9e65135a107c270718e743929d9950c4	/home/Jakob.Gerhardt/CLionProjects/Masterarbeit/llvm/runtime-specialization/benchmarks/reports/20260620_123550-uc-best-benchmark-failures/logs/61daa1ff9e65135a107c270718e743929d9950c4.log	BM_g:uc2_conv;n:box_filter;a:tradeoff;s:EXTRALARGE;t:jit_overhead;/58/iterations:1/manual_time
pass	0	0ead3dd434a96912234349b5c5bf3827bf8b275b	/home/Jakob.Gerhardt/CLionProjects/Masterarbeit/llvm/runtime-specialization/benchmarks/reports/20260620_123550-uc-best-benchmark-failures/logs/0ead3dd434a96912234349b5c5bf3827bf8b275b.log	BM_g:uc2_conv;n:box_filter;a:tradeoff;s:SMALL;t:specialized_exec;/1
pass	0	b7bce12dd0946bb4353485d6f0afd168055aeed9	/home/Jakob.Gerhardt/CLionProjects/Masterarbeit/llvm/runtime-specialization/benchmarks/reports/20260620_123550-uc-best-benchmark-failures/logs/b7bce12dd0946bb4353485d6f0afd168055aeed9.log	BM_g:uc2_conv;n:box_filter;a:tradeoff;s:MEDIUM;t:specialized_exec;/6
pass	0	8930dd1e240e73f4b63444f5618b3a368a8f9d8a	/home/Jakob.Gerhardt/CLionProjects/Masterarbeit/llvm/runtime-specialization/benchmarks/reports/20260620_123550-uc-best-benchmark-failures/logs/8930dd1e240e73f4b63444f5618b3a368a8f9d8a.log	BM_g:uc2_conv;n:box_filter;a:tradeoff;s:LARGE;t:specialized_exec;/58
pass	0	2212d5a1554cb44ed406d24d3e5579faf4e071f3	/home/Jakob.Gerhardt/CLionProjects/Masterarbeit/llvm/runtime-specialization/benchmarks/reports/20260620_123550-uc-best-benchmark-failures/logs/2212d5a1554cb44ed406d24d3e5579faf4e071f3.log	BM_g:uc2_conv;n:box_filter;a:tradeoff;s:EXTRALARGE;t:specialized_exec;/58
pass	0	e16f05c94ecb4abfa798d2700bb351350b010abb	/home/Jakob.Gerhardt/CLionProjects/Masterarbeit/llvm/runtime-specialization/benchmarks/reports/20260620_123550-uc-best-benchmark-failures/logs/e16f05c94ecb4abfa798d2700bb351350b010abb.log	BM_g:uc2_conv;n:edge_detection;a:tradeoff;s:SMALL;t:unspecialized;/1
pass	0	784b401fda593e5b21d860877a3d0721ba359951	/home/Jakob.Gerhardt/CLionProjects/Masterarbeit/llvm/runtime-specialization/benchmarks/reports/20260620_123550-uc-best-benchmark-failures/logs/784b401fda593e5b21d860877a3d0721ba359951.log	BM_g:uc2_conv;n:edge_detection;a:tradeoff;s:MEDIUM;t:unspecialized;/6
pass	0	c26bd5e14d6119e5d63ecd32feac8516dea9477c	/home/Jakob.Gerhardt/CLionProjects/Masterarbeit/llvm/runtime-specialization/benchmarks/reports/20260620_123550-uc-best-benchmark-failures/logs/c26bd5e14d6119e5d63ecd32feac8516dea9477c.log	BM_g:uc2_conv;n:edge_detection;a:tradeoff;s:LARGE;t:unspecialized;/58
pass	0	c9661662688d11355d95d81ba13f8a9a1047243a	/home/Jakob.Gerhardt/CLionProjects/Masterarbeit/llvm/runtime-specialization/benchmarks/reports/20260620_123550-uc-best-benchmark-failures/logs/c9661662688d11355d95d81ba13f8a9a1047243a.log	BM_g:uc2_conv;n:edge_detection;a:tradeoff;s:EXTRALARGE;t:unspecialized;/58
pass	0	2fa007e743228a57041b240777a921702a2963ba	/home/Jakob.Gerhardt/CLionProjects/Masterarbeit/llvm/runtime-specialization/benchmarks/reports/20260620_123550-uc-best-benchmark-failures/logs/2fa007e743228a57041b240777a921702a2963ba.log	BM_g:uc2_conv;n:edge_detection;a:tradeoff;s:SMALL;t:jit_overhead;/1/iterations:1/manual_time
pass	0	a2176e8d12a4618b0854505903da12326c7790e1	/home/Jakob.Gerhardt/CLionProjects/Masterarbeit/llvm/runtime-specialization/benchmarks/reports/20260620_123550-uc-best-benchmark-failures/logs/a2176e8d12a4618b0854505903da12326c7790e1.log	BM_g:uc2_conv;n:edge_detection;a:tradeoff;s:MEDIUM;t:jit_overhead;/6/iterations:1/manual_time
pass	0	d8e6dec4d0dd9e4e69d3b78700d749a23fea8b2e	/home/Jakob.Gerhardt/CLionProjects/Masterarbeit/llvm/runtime-specialization/benchmarks/reports/20260620_123550-uc-best-benchmark-failures/logs/d8e6dec4d0dd9e4e69d3b78700d749a23fea8b2e.log	BM_g:uc2_conv;n:edge_detection;a:tradeoff;s:LARGE;t:jit_overhead;/58/iterations:1/manual_time
pass	0	884d45d4e09ae68adbf2ceaaad72328e9c6fd04a	/home/Jakob.Gerhardt/CLionProjects/Masterarbeit/llvm/runtime-specialization/benchmarks/reports/20260620_123550-uc-best-benchmark-failures/logs/884d45d4e09ae68adbf2ceaaad72328e9c6fd04a.log	BM_g:uc2_conv;n:edge_detection;a:tradeoff;s:EXTRALARGE;t:jit_overhead;/58/iterations:1/manual_time
pass	0	319edab81ff6529f320a08263f63e095c87f8435	/home/Jakob.Gerhardt/CLionProjects/Masterarbeit/llvm/runtime-specialization/benchmarks/reports/20260620_123550-uc-best-benchmark-failures/logs/319edab81ff6529f320a08263f63e095c87f8435.log	BM_g:uc2_conv;n:edge_detection;a:tradeoff;s:SMALL;t:specialized_exec;/1
pass	0	56cb202271fd9612d521dcc252aed693fc3c2fa2	/home/Jakob.Gerhardt/CLionProjects/Masterarbeit/llvm/runtime-specialization/benchmarks/reports/20260620_123550-uc-best-benchmark-failures/logs/56cb202271fd9612d521dcc252aed693fc3c2fa2.log	BM_g:uc2_conv;n:edge_detection;a:tradeoff;s:MEDIUM;t:specialized_exec;/6
pass	0	cf5236dc96f46ae6575668f203dd1d2a62c20743	/home/Jakob.Gerhardt/CLionProjects/Masterarbeit/llvm/runtime-specialization/benchmarks/reports/20260620_123550-uc-best-benchmark-failures/logs/cf5236dc96f46ae6575668f203dd1d2a62c20743.log	BM_g:uc2_conv;n:edge_detection;a:tradeoff;s:LARGE;t:specialized_exec;/58
pass	0	5f5ba3f363e2eea19c96da1c8c25f0830b32f9c3	/home/Jakob.Gerhardt/CLionProjects/Masterarbeit/llvm/runtime-specialization/benchmarks/reports/20260620_123550-uc-best-benchmark-failures/logs/5f5ba3f363e2eea19c96da1c8c25f0830b32f9c3.log	BM_g:uc2_conv;n:edge_detection;a:tradeoff;s:EXTRALARGE;t:specialized_exec;/58
pass	0	54fa8bc9cc784d13af9fa0dbb89a923b6f36acb8	/home/Jakob.Gerhardt/CLionProjects/Masterarbeit/llvm/runtime-specialization/benchmarks/reports/20260620_123550-uc-best-benchmark-failures/logs/54fa8bc9cc784d13af9fa0dbb89a923b6f36acb8.log	BM_g:uc2_conv;n:separable_gaussian;a:abstract;s:SMALL;t:unspecialized;/1
pass	0	7b474953b47621d81049dde91fd88903df43018a	/home/Jakob.Gerhardt/CLionProjects/Masterarbeit/llvm/runtime-specialization/benchmarks/reports/20260620_123550-uc-best-benchmark-failures/logs/7b474953b47621d81049dde91fd88903df43018a.log	BM_g:uc2_conv;n:separable_gaussian;a:abstract;s:MEDIUM;t:unspecialized;/6
pass	0	92ea914401dd4ec99a1fb6545529dfbc6df5d0d3	/home/Jakob.Gerhardt/CLionProjects/Masterarbeit/llvm/runtime-specialization/benchmarks/reports/20260620_123550-uc-best-benchmark-failures/logs/92ea914401dd4ec99a1fb6545529dfbc6df5d0d3.log	BM_g:uc2_conv;n:separable_gaussian;a:abstract;s:LARGE;t:unspecialized;/58
pass	0	c2740002c09b280781e9963595613fdaa33e3ebb	/home/Jakob.Gerhardt/CLionProjects/Masterarbeit/llvm/runtime-specialization/benchmarks/reports/20260620_123550-uc-best-benchmark-failures/logs/c2740002c09b280781e9963595613fdaa33e3ebb.log	BM_g:uc2_conv;n:separable_gaussian;a:abstract;s:EXTRALARGE;t:unspecialized;/58
pass	0	c08c5e705f0f141c851afe8d92999c93e56a5724	/home/Jakob.Gerhardt/CLionProjects/Masterarbeit/llvm/runtime-specialization/benchmarks/reports/20260620_123550-uc-best-benchmark-failures/logs/c08c5e705f0f141c851afe8d92999c93e56a5724.log	BM_g:uc2_conv;n:separable_gaussian;a:abstract;s:SMALL;t:jit_overhead;/1/iterations:1/manual_time
pass	0	9e42b42851c0f8d4368b6e73d959752301d1c4f8	/home/Jakob.Gerhardt/CLionProjects/Masterarbeit/llvm/runtime-specialization/benchmarks/reports/20260620_123550-uc-best-benchmark-failures/logs/9e42b42851c0f8d4368b6e73d959752301d1c4f8.log	BM_g:uc2_conv;n:separable_gaussian;a:abstract;s:MEDIUM;t:jit_overhead;/6/iterations:1/manual_time
pass	0	0390a785435dc781387544cb5aa8787265eec6e9	/home/Jakob.Gerhardt/CLionProjects/Masterarbeit/llvm/runtime-specialization/benchmarks/reports/20260620_123550-uc-best-benchmark-failures/logs/0390a785435dc781387544cb5aa8787265eec6e9.log	BM_g:uc2_conv;n:separable_gaussian;a:abstract;s:LARGE;t:jit_overhead;/58/iterations:1/manual_time
pass	0	4bdc0d01c3fc036473c65cc6bedff08e9f8a4dcb	/home/Jakob.Gerhardt/CLionProjects/Masterarbeit/llvm/runtime-specialization/benchmarks/reports/20260620_123550-uc-best-benchmark-failures/logs/4bdc0d01c3fc036473c65cc6bedff08e9f8a4dcb.log	BM_g:uc2_conv;n:separable_gaussian;a:abstract;s:EXTRALARGE;t:jit_overhead;/58/iterations:1/manual_time
pass	0	ce01f591df70b25f1018fc261b81827d39678831	/home/Jakob.Gerhardt/CLionProjects/Masterarbeit/llvm/runtime-specialization/benchmarks/reports/20260620_123550-uc-best-benchmark-failures/logs/ce01f591df70b25f1018fc261b81827d39678831.log	BM_g:uc2_conv;n:separable_gaussian;a:abstract;s:SMALL;t:specialized_exec;/1
pass	0	3545e974f762a0e90032e6264394f4489b49bace	/home/Jakob.Gerhardt/CLionProjects/Masterarbeit/llvm/runtime-specialization/benchmarks/reports/20260620_123550-uc-best-benchmark-failures/logs/3545e974f762a0e90032e6264394f4489b49bace.log	BM_g:uc2_conv;n:separable_gaussian;a:abstract;s:MEDIUM;t:specialized_exec;/6
timeout	124	53390f3126ae76c851e0df10978f6081805fd042	/home/Jakob.Gerhardt/CLionProjects/Masterarbeit/llvm/runtime-specialization/benchmarks/reports/20260620_123550-uc-best-benchmark-failures/logs/53390f3126ae76c851e0df10978f6081805fd042.log	BM_g:uc2_conv;n:separable_gaussian;a:abstract;s:LARGE;t:specialized_exec;/58
timeout	124	f58965a729baf26638c9131a3a23b50775de2bd2	/home/Jakob.Gerhardt/CLionProjects/Masterarbeit/llvm/runtime-specialization/benchmarks/reports/20260620_123550-uc-best-benchmark-failures/logs/f58965a729baf26638c9131a3a23b50775de2bd2.log	BM_g:uc2_conv;n:separable_gaussian;a:abstract;s:EXTRALARGE;t:specialized_exec;/58
pass	0	54f7f1413875c7230c0b42692dad0b34df0e8c39	/home/Jakob.Gerhardt/CLionProjects/Masterarbeit/llvm/runtime-specialization/benchmarks/reports/20260620_123550-uc-best-benchmark-failures/logs/54f7f1413875c7230c0b42692dad0b34df0e8c39.log	BM_g:uc2_conv;n:box_filter;a:abstract;s:SMALL;t:unspecialized;/1
pass	0	7947f41d1f38a8eb5abe093e34f7c0b9f40ecbdb	/home/Jakob.Gerhardt/CLionProjects/Masterarbeit/llvm/runtime-specialization/benchmarks/reports/20260620_123550-uc-best-benchmark-failures/logs/7947f41d1f38a8eb5abe093e34f7c0b9f40ecbdb.log	BM_g:uc2_conv;n:box_filter;a:abstract;s:MEDIUM;t:unspecialized;/6
pass	0	cb42af5def68fa4a2a26aade24c63aaa89d33a67	/home/Jakob.Gerhardt/CLionProjects/Masterarbeit/llvm/runtime-specialization/benchmarks/reports/20260620_123550-uc-best-benchmark-failures/logs/cb42af5def68fa4a2a26aade24c63aaa89d33a67.log	BM_g:uc2_conv;n:box_filter;a:abstract;s:LARGE;t:unspecialized;/58
pass	0	e7aeaff7244e7d2b885dcd2022c8f478fea8e1be	/home/Jakob.Gerhardt/CLionProjects/Masterarbeit/llvm/runtime-specialization/benchmarks/reports/20260620_123550-uc-best-benchmark-failures/logs/e7aeaff7244e7d2b885dcd2022c8f478fea8e1be.log	BM_g:uc2_conv;n:box_filter;a:abstract;s:EXTRALARGE;t:unspecialized;/58
pass	0	2928a04a3ff6bf4b3d7ad4ddccc2bf2f48c91f9b	/home/Jakob.Gerhardt/CLionProjects/Masterarbeit/llvm/runtime-specialization/benchmarks/reports/20260620_123550-uc-best-benchmark-failures/logs/2928a04a3ff6bf4b3d7ad4ddccc2bf2f48c91f9b.log	BM_g:uc2_conv;n:box_filter;a:abstract;s:SMALL;t:jit_overhead;/1/iterations:1/manual_time
pass	0	68d7f2ae595f323f63dbdf0aebe9fcd6f9b7522b	/home/Jakob.Gerhardt/CLionProjects/Masterarbeit/llvm/runtime-specialization/benchmarks/reports/20260620_123550-uc-best-benchmark-failures/logs/68d7f2ae595f323f63dbdf0aebe9fcd6f9b7522b.log	BM_g:uc2_conv;n:box_filter;a:abstract;s:MEDIUM;t:jit_overhead;/6/iterations:1/manual_time
pass	0	29734be7ddf2bad28cf46f6f66af28c5554fd239	/home/Jakob.Gerhardt/CLionProjects/Masterarbeit/llvm/runtime-specialization/benchmarks/reports/20260620_123550-uc-best-benchmark-failures/logs/29734be7ddf2bad28cf46f6f66af28c5554fd239.log	BM_g:uc2_conv;n:box_filter;a:abstract;s:LARGE;t:jit_overhead;/58/iterations:1/manual_time
pass	0	11708d42f80f153f5dc8a16da2b100c0d09518fe	/home/Jakob.Gerhardt/CLionProjects/Masterarbeit/llvm/runtime-specialization/benchmarks/reports/20260620_123550-uc-best-benchmark-failures/logs/11708d42f80f153f5dc8a16da2b100c0d09518fe.log	BM_g:uc2_conv;n:box_filter;a:abstract;s:EXTRALARGE;t:jit_overhead;/58/iterations:1/manual_time
pass	0	9055da5dee231fde898b1f809056034cf1859449	/home/Jakob.Gerhardt/CLionProjects/Masterarbeit/llvm/runtime-specialization/benchmarks/reports/20260620_123550-uc-best-benchmark-failures/logs/9055da5dee231fde898b1f809056034cf1859449.log	BM_g:uc2_conv;n:box_filter;a:abstract;s:SMALL;t:specialized_exec;/1
pass	0	54073a434677d2943b5f182d657a21cc11dc555f	/home/Jakob.Gerhardt/CLionProjects/Masterarbeit/llvm/runtime-specialization/benchmarks/reports/20260620_123550-uc-best-benchmark-failures/logs/54073a434677d2943b5f182d657a21cc11dc555f.log	BM_g:uc2_conv;n:box_filter;a:abstract;s:MEDIUM;t:specialized_exec;/6
pass	0	0332c9027bdc850910b4bc2deb166858dc59c1f4	/home/Jakob.Gerhardt/CLionProjects/Masterarbeit/llvm/runtime-specialization/benchmarks/reports/20260620_123550-uc-best-benchmark-failures/logs/0332c9027bdc850910b4bc2deb166858dc59c1f4.log	BM_g:uc2_conv;n:box_filter;a:abstract;s:LARGE;t:specialized_exec;/58
pass	0	fde13167d0026f216c7088231baf1367fce5f945	/home/Jakob.Gerhardt/CLionProjects/Masterarbeit/llvm/runtime-specialization/benchmarks/reports/20260620_123550-uc-best-benchmark-failures/logs/fde13167d0026f216c7088231baf1367fce5f945.log	BM_g:uc2_conv;n:box_filter;a:abstract;s:EXTRALARGE;t:specialized_exec;/58
pass	0	acbf92ce9475b0bb7e82ca4e8a1365959100f93e	/home/Jakob.Gerhardt/CLionProjects/Masterarbeit/llvm/runtime-specialization/benchmarks/reports/20260620_123550-uc-best-benchmark-failures/logs/acbf92ce9475b0bb7e82ca4e8a1365959100f93e.log	BM_g:uc2_conv;n:edge_detection;a:abstract;s:SMALL;t:unspecialized;/1
pass	0	790d3fe8384ef3cc40bc1af7544ef91ff6ca68d1	/home/Jakob.Gerhardt/CLionProjects/Masterarbeit/llvm/runtime-specialization/benchmarks/reports/20260620_123550-uc-best-benchmark-failures/logs/790d3fe8384ef3cc40bc1af7544ef91ff6ca68d1.log	BM_g:uc2_conv;n:edge_detection;a:abstract;s:MEDIUM;t:unspecialized;/6
pass	0	1339b08ec403f73f24ff1b4916483b334340aa62	/home/Jakob.Gerhardt/CLionProjects/Masterarbeit/llvm/runtime-specialization/benchmarks/reports/20260620_123550-uc-best-benchmark-failures/logs/1339b08ec403f73f24ff1b4916483b334340aa62.log	BM_g:uc2_conv;n:edge_detection;a:abstract;s:LARGE;t:unspecialized;/58
pass	0	49dec60e074260e0be8fef9d40eb6405be0540ce	/home/Jakob.Gerhardt/CLionProjects/Masterarbeit/llvm/runtime-specialization/benchmarks/reports/20260620_123550-uc-best-benchmark-failures/logs/49dec60e074260e0be8fef9d40eb6405be0540ce.log	BM_g:uc2_conv;n:edge_detection;a:abstract;s:EXTRALARGE;t:unspecialized;/58
pass	0	4c3733308fcbf2f20525aac421bc6eac9fdcc5f8	/home/Jakob.Gerhardt/CLionProjects/Masterarbeit/llvm/runtime-specialization/benchmarks/reports/20260620_123550-uc-best-benchmark-failures/logs/4c3733308fcbf2f20525aac421bc6eac9fdcc5f8.log	BM_g:uc2_conv;n:edge_detection;a:abstract;s:SMALL;t:jit_overhead;/1/iterations:1/manual_time
pass	0	663e833dddd445ef1debdda669b8cca672c15437	/home/Jakob.Gerhardt/CLionProjects/Masterarbeit/llvm/runtime-specialization/benchmarks/reports/20260620_123550-uc-best-benchmark-failures/logs/663e833dddd445ef1debdda669b8cca672c15437.log	BM_g:uc2_conv;n:edge_detection;a:abstract;s:MEDIUM;t:jit_overhead;/6/iterations:1/manual_time
pass	0	183f755cedb09f1cab4ee62f04807edef42d258e	/home/Jakob.Gerhardt/CLionProjects/Masterarbeit/llvm/runtime-specialization/benchmarks/reports/20260620_123550-uc-best-benchmark-failures/logs/183f755cedb09f1cab4ee62f04807edef42d258e.log	BM_g:uc2_conv;n:edge_detection;a:abstract;s:LARGE;t:jit_overhead;/58/iterations:1/manual_time
pass	0	b0eb927496dd691d89597609204242005a8ce8ec	/home/Jakob.Gerhardt/CLionProjects/Masterarbeit/llvm/runtime-specialization/benchmarks/reports/20260620_123550-uc-best-benchmark-failures/logs/b0eb927496dd691d89597609204242005a8ce8ec.log	BM_g:uc2_conv;n:edge_detection;a:abstract;s:EXTRALARGE;t:jit_overhead;/58/iterations:1/manual_time
pass	0	eb0031a1d638273a6a9326167d65e09058ad0b61	/home/Jakob.Gerhardt/CLionProjects/Masterarbeit/llvm/runtime-specialization/benchmarks/reports/20260620_123550-uc-best-benchmark-failures/logs/eb0031a1d638273a6a9326167d65e09058ad0b61.log	BM_g:uc2_conv;n:edge_detection;a:abstract;s:SMALL;t:specialized_exec;/1
pass	0	368a8b404b1516ad1c09578e54ee6f4a737e5fce	/home/Jakob.Gerhardt/CLionProjects/Masterarbeit/llvm/runtime-specialization/benchmarks/reports/20260620_123550-uc-best-benchmark-failures/logs/368a8b404b1516ad1c09578e54ee6f4a737e5fce.log	BM_g:uc2_conv;n:edge_detection;a:abstract;s:MEDIUM;t:specialized_exec;/6
pass	0	99bf521062b3c313340384a972d4f4f2efd8b315	/home/Jakob.Gerhardt/CLionProjects/Masterarbeit/llvm/runtime-specialization/benchmarks/reports/20260620_123550-uc-best-benchmark-failures/logs/99bf521062b3c313340384a972d4f4f2efd8b315.log	BM_g:uc2_conv;n:edge_detection;a:abstract;s:LARGE;t:specialized_exec;/58
pass	0	2f75c05eba2e2553e1236b47a69379fd8a29c605	/home/Jakob.Gerhardt/CLionProjects/Masterarbeit/llvm/runtime-specialization/benchmarks/reports/20260620_123550-uc-best-benchmark-failures/logs/2f75c05eba2e2553e1236b47a69379fd8a29c605.log	BM_g:uc2_conv;n:edge_detection;a:abstract;s:EXTRALARGE;t:specialized_exec;/58
pass	0	600a013e11f5118bb98c6b5fd8e5552c520d6d4f	/home/Jakob.Gerhardt/CLionProjects/Masterarbeit/llvm/runtime-specialization/benchmarks/reports/20260620_123550-uc-best-benchmark-failures/logs/600a013e11f5118bb98c6b5fd8e5552c520d6d4f.log	BM_g:uc7_dfa;n:email_match;a:low;s:SMALL;t:unspecialized;/5242880
pass	0	05d2a9e5908befe332a47ea9cf4e2dd83b801ad4	/home/Jakob.Gerhardt/CLionProjects/Masterarbeit/llvm/runtime-specialization/benchmarks/reports/20260620_123550-uc-best-benchmark-failures/logs/05d2a9e5908befe332a47ea9cf4e2dd83b801ad4.log	BM_g:uc7_dfa;n:email_match;a:low;s:MEDIUM;t:unspecialized;/52428800
pass	0	725216d728b8cdcebcc09a0ce55ef211cd19ab61	/home/Jakob.Gerhardt/CLionProjects/Masterarbeit/llvm/runtime-specialization/benchmarks/reports/20260620_123550-uc-best-benchmark-failures/logs/725216d728b8cdcebcc09a0ce55ef211cd19ab61.log	BM_g:uc7_dfa;n:email_match;a:low;s:LARGE;t:unspecialized;/524288000
pass	0	31fcd93a26a903e9cbc01b3ac1b4ccbaab894fb9	/home/Jakob.Gerhardt/CLionProjects/Masterarbeit/llvm/runtime-specialization/benchmarks/reports/20260620_123550-uc-best-benchmark-failures/logs/31fcd93a26a903e9cbc01b3ac1b4ccbaab894fb9.log	BM_g:uc7_dfa;n:email_match;a:low;s:EXTRALARGE;t:unspecialized;/1048576000
pass	0	c4f9e59b2c706928dd0bc4b3711d77599c201c7d	/home/Jakob.Gerhardt/CLionProjects/Masterarbeit/llvm/runtime-specialization/benchmarks/reports/20260620_123550-uc-best-benchmark-failures/logs/c4f9e59b2c706928dd0bc4b3711d77599c201c7d.log	BM_g:uc7_dfa;n:email_match;a:low;s:SMALL;t:jit_overhead;/5242880/iterations:1/manual_time
pass	0	e1156bf87eb52997ede2bbd309038079cd22d059	/home/Jakob.Gerhardt/CLionProjects/Masterarbeit/llvm/runtime-specialization/benchmarks/reports/20260620_123550-uc-best-benchmark-failures/logs/e1156bf87eb52997ede2bbd309038079cd22d059.log	BM_g:uc7_dfa;n:email_match;a:low;s:MEDIUM;t:jit_overhead;/52428800/iterations:1/manual_time
pass	0	65258d3e4033aa82a832259e901e189d712bf0d7	/home/Jakob.Gerhardt/CLionProjects/Masterarbeit/llvm/runtime-specialization/benchmarks/reports/20260620_123550-uc-best-benchmark-failures/logs/65258d3e4033aa82a832259e901e189d712bf0d7.log	BM_g:uc7_dfa;n:email_match;a:low;s:LARGE;t:jit_overhead;/524288000/iterations:1/manual_time
pass	0	eca46a2867e38abc7d102d09beca2f600bf38882	/home/Jakob.Gerhardt/CLionProjects/Masterarbeit/llvm/runtime-specialization/benchmarks/reports/20260620_123550-uc-best-benchmark-failures/logs/eca46a2867e38abc7d102d09beca2f600bf38882.log	BM_g:uc7_dfa;n:email_match;a:low;s:EXTRALARGE;t:jit_overhead;/1048576000/iterations:1/manual_time
pass	0	53d325b1d3f3954152d67a4a33c03848abbbbbe9	/home/Jakob.Gerhardt/CLionProjects/Masterarbeit/llvm/runtime-specialization/benchmarks/reports/20260620_123550-uc-best-benchmark-failures/logs/53d325b1d3f3954152d67a4a33c03848abbbbbe9.log	BM_g:uc7_dfa;n:email_match;a:low;s:SMALL;t:specialized_exec;/5242880
pass	0	b5720a27c8e7c0583e546c396ff6aecf7b8ecde4	/home/Jakob.Gerhardt/CLionProjects/Masterarbeit/llvm/runtime-specialization/benchmarks/reports/20260620_123550-uc-best-benchmark-failures/logs/b5720a27c8e7c0583e546c396ff6aecf7b8ecde4.log	BM_g:uc7_dfa;n:email_match;a:low;s:MEDIUM;t:specialized_exec;/52428800
pass	0	857affc3965ad9342d6dfa8577f1f33f4f2a136b	/home/Jakob.Gerhardt/CLionProjects/Masterarbeit/llvm/runtime-specialization/benchmarks/reports/20260620_123550-uc-best-benchmark-failures/logs/857affc3965ad9342d6dfa8577f1f33f4f2a136b.log	BM_g:uc7_dfa;n:email_match;a:low;s:LARGE;t:specialized_exec;/524288000
pass	0	a0b074e35fb3fa238b5091cc351d689c89c34d05	/home/Jakob.Gerhardt/CLionProjects/Masterarbeit/llvm/runtime-specialization/benchmarks/reports/20260620_123550-uc-best-benchmark-failures/logs/a0b074e35fb3fa238b5091cc351d689c89c34d05.log	BM_g:uc7_dfa;n:email_match;a:low;s:EXTRALARGE;t:specialized_exec;/1048576000
pass	0	76be61bbb8dce4e4692176cfb52e1710a0470daa	/home/Jakob.Gerhardt/CLionProjects/Masterarbeit/llvm/runtime-specialization/benchmarks/reports/20260620_123550-uc-best-benchmark-failures/logs/76be61bbb8dce4e4692176cfb52e1710a0470daa.log	BM_g:uc7_dfa;n:email_match;a:tradeoff;s:SMALL;t:unspecialized;/5242880
pass	0	db466bda1610f6595f17efe64adfb6a92b16962b	/home/Jakob.Gerhardt/CLionProjects/Masterarbeit/llvm/runtime-specialization/benchmarks/reports/20260620_123550-uc-best-benchmark-failures/logs/db466bda1610f6595f17efe64adfb6a92b16962b.log	BM_g:uc7_dfa;n:email_match;a:tradeoff;s:MEDIUM;t:unspecialized;/52428800
pass	0	1b17cf6b65993d48378895ac1606e3a3af769aaa	/home/Jakob.Gerhardt/CLionProjects/Masterarbeit/llvm/runtime-specialization/benchmarks/reports/20260620_123550-uc-best-benchmark-failures/logs/1b17cf6b65993d48378895ac1606e3a3af769aaa.log	BM_g:uc7_dfa;n:email_match;a:tradeoff;s:LARGE;t:unspecialized;/524288000
pass	0	3e542b6b92f8631b7d9bc5517553c1d510d92c06	/home/Jakob.Gerhardt/CLionProjects/Masterarbeit/llvm/runtime-specialization/benchmarks/reports/20260620_123550-uc-best-benchmark-failures/logs/3e542b6b92f8631b7d9bc5517553c1d510d92c06.log	BM_g:uc7_dfa;n:email_match;a:tradeoff;s:EXTRALARGE;t:unspecialized;/1048576000
pass	0	cb69b1dd354d89364740d6a41eb26f9f79ba7d9c	/home/Jakob.Gerhardt/CLionProjects/Masterarbeit/llvm/runtime-specialization/benchmarks/reports/20260620_123550-uc-best-benchmark-failures/logs/cb69b1dd354d89364740d6a41eb26f9f79ba7d9c.log	BM_g:uc7_dfa;n:email_match;a:tradeoff;s:SMALL;t:jit_overhead;/5242880/iterations:1/manual_time
pass	0	40c117356cf0457f9536afe363c34f07616fe70e	/home/Jakob.Gerhardt/CLionProjects/Masterarbeit/llvm/runtime-specialization/benchmarks/reports/20260620_123550-uc-best-benchmark-failures/logs/40c117356cf0457f9536afe363c34f07616fe70e.log	BM_g:uc7_dfa;n:email_match;a:tradeoff;s:MEDIUM;t:jit_overhead;/52428800/iterations:1/manual_time
pass	0	bca5a068393d5a9fd54dc567cb72a13d97f9c8b1	/home/Jakob.Gerhardt/CLionProjects/Masterarbeit/llvm/runtime-specialization/benchmarks/reports/20260620_123550-uc-best-benchmark-failures/logs/bca5a068393d5a9fd54dc567cb72a13d97f9c8b1.log	BM_g:uc7_dfa;n:email_match;a:tradeoff;s:LARGE;t:jit_overhead;/524288000/iterations:1/manual_time
pass	0	55e7d56de8f4f0706a04c2f68e4dc442889328e6	/home/Jakob.Gerhardt/CLionProjects/Masterarbeit/llvm/runtime-specialization/benchmarks/reports/20260620_123550-uc-best-benchmark-failures/logs/55e7d56de8f4f0706a04c2f68e4dc442889328e6.log	BM_g:uc7_dfa;n:email_match;a:tradeoff;s:EXTRALARGE;t:jit_overhead;/1048576000/iterations:1/manual_time
pass	0	902a0477da999ab8fc7a9ae5c2343b0171478fc6	/home/Jakob.Gerhardt/CLionProjects/Masterarbeit/llvm/runtime-specialization/benchmarks/reports/20260620_123550-uc-best-benchmark-failures/logs/902a0477da999ab8fc7a9ae5c2343b0171478fc6.log	BM_g:uc7_dfa;n:email_match;a:tradeoff;s:SMALL;t:specialized_exec;/5242880
pass	0	cfbe3942258e54a9d054542dd56e5f3e3acc83ad	/home/Jakob.Gerhardt/CLionProjects/Masterarbeit/llvm/runtime-specialization/benchmarks/reports/20260620_123550-uc-best-benchmark-failures/logs/cfbe3942258e54a9d054542dd56e5f3e3acc83ad.log	BM_g:uc7_dfa;n:email_match;a:tradeoff;s:MEDIUM;t:specialized_exec;/52428800
pass	0	f269b96f8fb8136fbd46176c61a32d7e5fafc1e0	/home/Jakob.Gerhardt/CLionProjects/Masterarbeit/llvm/runtime-specialization/benchmarks/reports/20260620_123550-uc-best-benchmark-failures/logs/f269b96f8fb8136fbd46176c61a32d7e5fafc1e0.log	BM_g:uc7_dfa;n:email_match;a:tradeoff;s:LARGE;t:specialized_exec;/524288000
pass	0	60e764730743dcefdd8776a9f5174ba5de677444	/home/Jakob.Gerhardt/CLionProjects/Masterarbeit/llvm/runtime-specialization/benchmarks/reports/20260620_123550-uc-best-benchmark-failures/logs/60e764730743dcefdd8776a9f5174ba5de677444.log	BM_g:uc7_dfa;n:email_match;a:tradeoff;s:EXTRALARGE;t:specialized_exec;/1048576000
pass	0	1d0b5e7ce767fcceaa7f0afa66d776a2ed5f7c17	/home/Jakob.Gerhardt/CLionProjects/Masterarbeit/llvm/runtime-specialization/benchmarks/reports/20260620_123550-uc-best-benchmark-failures/logs/1d0b5e7ce767fcceaa7f0afa66d776a2ed5f7c17.log	BM_g:uc7_dfa;n:email_match;a:abstract;s:SMALL;t:unspecialized;/5242880
pass	0	a120c6e29d58baf8cc59947da64a6936833921df	/home/Jakob.Gerhardt/CLionProjects/Masterarbeit/llvm/runtime-specialization/benchmarks/reports/20260620_123550-uc-best-benchmark-failures/logs/a120c6e29d58baf8cc59947da64a6936833921df.log	BM_g:uc7_dfa;n:email_match;a:abstract;s:MEDIUM;t:unspecialized;/52428800
pass	0	d7e9a75267f170d914596a6593594f1741281fae	/home/Jakob.Gerhardt/CLionProjects/Masterarbeit/llvm/runtime-specialization/benchmarks/reports/20260620_123550-uc-best-benchmark-failures/logs/d7e9a75267f170d914596a6593594f1741281fae.log	BM_g:uc7_dfa;n:email_match;a:abstract;s:LARGE;t:unspecialized;/524288000
pass	0	991cd5c3196c4aca5285bd999a761a6c64345d8c	/home/Jakob.Gerhardt/CLionProjects/Masterarbeit/llvm/runtime-specialization/benchmarks/reports/20260620_123550-uc-best-benchmark-failures/logs/991cd5c3196c4aca5285bd999a761a6c64345d8c.log	BM_g:uc7_dfa;n:email_match;a:abstract;s:EXTRALARGE;t:unspecialized;/1048576000
pass	0	e16be50d91a3c9a297aaf504e66c133e9572f852	/home/Jakob.Gerhardt/CLionProjects/Masterarbeit/llvm/runtime-specialization/benchmarks/reports/20260620_123550-uc-best-benchmark-failures/logs/e16be50d91a3c9a297aaf504e66c133e9572f852.log	BM_g:uc7_dfa;n:email_match;a:abstract;s:SMALL;t:jit_overhead;/5242880/iterations:1/manual_time
pass	0	3ebc767dbc7f99648b9398a7838c5411c5441795	/home/Jakob.Gerhardt/CLionProjects/Masterarbeit/llvm/runtime-specialization/benchmarks/reports/20260620_123550-uc-best-benchmark-failures/logs/3ebc767dbc7f99648b9398a7838c5411c5441795.log	BM_g:uc7_dfa;n:email_match;a:abstract;s:MEDIUM;t:jit_overhead;/52428800/iterations:1/manual_time
pass	0	fcc66f35451d8ef77a8f0aea5d9891a27c24853a	/home/Jakob.Gerhardt/CLionProjects/Masterarbeit/llvm/runtime-specialization/benchmarks/reports/20260620_123550-uc-best-benchmark-failures/logs/fcc66f35451d8ef77a8f0aea5d9891a27c24853a.log	BM_g:uc7_dfa;n:email_match;a:abstract;s:LARGE;t:jit_overhead;/524288000/iterations:1/manual_time
pass	0	0cfcdc9c87d321ab442b96a17de4a22a7ed6a706	/home/Jakob.Gerhardt/CLionProjects/Masterarbeit/llvm/runtime-specialization/benchmarks/reports/20260620_123550-uc-best-benchmark-failures/logs/0cfcdc9c87d321ab442b96a17de4a22a7ed6a706.log	BM_g:uc7_dfa;n:email_match;a:abstract;s:EXTRALARGE;t:jit_overhead;/1048576000/iterations:1/manual_time
pass	0	1077f57d37ee233556642116c76e236a0541dbdb	/home/Jakob.Gerhardt/CLionProjects/Masterarbeit/llvm/runtime-specialization/benchmarks/reports/20260620_123550-uc-best-benchmark-failures/logs/1077f57d37ee233556642116c76e236a0541dbdb.log	BM_g:uc7_dfa;n:email_match;a:abstract;s:SMALL;t:specialized_exec;/5242880
pass	0	3beb6f3354fcf0e8a470340986d1145e9e13faae	/home/Jakob.Gerhardt/CLionProjects/Masterarbeit/llvm/runtime-specialization/benchmarks/reports/20260620_123550-uc-best-benchmark-failures/logs/3beb6f3354fcf0e8a470340986d1145e9e13faae.log	BM_g:uc7_dfa;n:email_match;a:abstract;s:MEDIUM;t:specialized_exec;/52428800
pass	0	8e7c4f94f389df20f9305a8ca718464a821055f8	/home/Jakob.Gerhardt/CLionProjects/Masterarbeit/llvm/runtime-specialization/benchmarks/reports/20260620_123550-uc-best-benchmark-failures/logs/8e7c4f94f389df20f9305a8ca718464a821055f8.log	BM_g:uc7_dfa;n:email_match;a:abstract;s:LARGE;t:specialized_exec;/524288000
pass	0	4f032e7c57f307a6d1b96232c1b5121d4e6b09ea	/home/Jakob.Gerhardt/CLionProjects/Masterarbeit/llvm/runtime-specialization/benchmarks/reports/20260620_123550-uc-best-benchmark-failures/logs/4f032e7c57f307a6d1b96232c1b5121d4e6b09ea.log	BM_g:uc7_dfa;n:email_match;a:abstract;s:EXTRALARGE;t:specialized_exec;/1048576000
pass	0	afd20278cbe06bf288dbac81b72c445159a3837b	/home/Jakob.Gerhardt/CLionProjects/Masterarbeit/llvm/runtime-specialization/benchmarks/reports/20260620_123550-uc-best-benchmark-failures/logs/afd20278cbe06bf288dbac81b72c445159a3837b.log	BM_g:uc7_dfa;n:url_match;a:low;s:SMALL;t:unspecialized;/5242880
pass	0	8b563ed66bd56b1b618f119416d42bc1d42d4f65	/home/Jakob.Gerhardt/CLionProjects/Masterarbeit/llvm/runtime-specialization/benchmarks/reports/20260620_123550-uc-best-benchmark-failures/logs/8b563ed66bd56b1b618f119416d42bc1d42d4f65.log	BM_g:uc7_dfa;n:url_match;a:low;s:MEDIUM;t:unspecialized;/52428800
pass	0	31019bae9979631b7f573edd9f6b6fef8f2afb55	/home/Jakob.Gerhardt/CLionProjects/Masterarbeit/llvm/runtime-specialization/benchmarks/reports/20260620_123550-uc-best-benchmark-failures/logs/31019bae9979631b7f573edd9f6b6fef8f2afb55.log	BM_g:uc7_dfa;n:url_match;a:low;s:LARGE;t:unspecialized;/524288000
pass	0	84b620f3a51d048c33773e638085cf58e4a94626	/home/Jakob.Gerhardt/CLionProjects/Masterarbeit/llvm/runtime-specialization/benchmarks/reports/20260620_123550-uc-best-benchmark-failures/logs/84b620f3a51d048c33773e638085cf58e4a94626.log	BM_g:uc7_dfa;n:url_match;a:low;s:EXTRALARGE;t:unspecialized;/1048576000
pass	0	02f337d2a5c83a48a5c1b38dd7f7db3627c52e62	/home/Jakob.Gerhardt/CLionProjects/Masterarbeit/llvm/runtime-specialization/benchmarks/reports/20260620_123550-uc-best-benchmark-failures/logs/02f337d2a5c83a48a5c1b38dd7f7db3627c52e62.log	BM_g:uc7_dfa;n:url_match;a:low;s:SMALL;t:jit_overhead;/5242880/iterations:1/manual_time
pass	0	68f3bf41ccfd99c9b1db3cc531778ac3bdf595f5	/home/Jakob.Gerhardt/CLionProjects/Masterarbeit/llvm/runtime-specialization/benchmarks/reports/20260620_123550-uc-best-benchmark-failures/logs/68f3bf41ccfd99c9b1db3cc531778ac3bdf595f5.log	BM_g:uc7_dfa;n:url_match;a:low;s:MEDIUM;t:jit_overhead;/52428800/iterations:1/manual_time
pass	0	08b75392a9b996afd70fcf1f23f0d3c7e3f1ae5f	/home/Jakob.Gerhardt/CLionProjects/Masterarbeit/llvm/runtime-specialization/benchmarks/reports/20260620_123550-uc-best-benchmark-failures/logs/08b75392a9b996afd70fcf1f23f0d3c7e3f1ae5f.log	BM_g:uc7_dfa;n:url_match;a:low;s:LARGE;t:jit_overhead;/524288000/iterations:1/manual_time
pass	0	8c6c73fecc3f4252cc7e6084170e8cb65b338a82	/home/Jakob.Gerhardt/CLionProjects/Masterarbeit/llvm/runtime-specialization/benchmarks/reports/20260620_123550-uc-best-benchmark-failures/logs/8c6c73fecc3f4252cc7e6084170e8cb65b338a82.log	BM_g:uc7_dfa;n:url_match;a:low;s:EXTRALARGE;t:jit_overhead;/1048576000/iterations:1/manual_time
pass	0	42d43b6b2813b8401b81a52b1be86ce308b0819d	/home/Jakob.Gerhardt/CLionProjects/Masterarbeit/llvm/runtime-specialization/benchmarks/reports/20260620_123550-uc-best-benchmark-failures/logs/42d43b6b2813b8401b81a52b1be86ce308b0819d.log	BM_g:uc7_dfa;n:url_match;a:low;s:SMALL;t:specialized_exec;/5242880
pass	0	af24c6c8afeb3ab62bab730cac2875ad1588a3be	/home/Jakob.Gerhardt/CLionProjects/Masterarbeit/llvm/runtime-specialization/benchmarks/reports/20260620_123550-uc-best-benchmark-failures/logs/af24c6c8afeb3ab62bab730cac2875ad1588a3be.log	BM_g:uc7_dfa;n:url_match;a:low;s:MEDIUM;t:specialized_exec;/52428800
pass	0	1dbbff13d6ab1dfea9acdd853a17b12221fb9729	/home/Jakob.Gerhardt/CLionProjects/Masterarbeit/llvm/runtime-specialization/benchmarks/reports/20260620_123550-uc-best-benchmark-failures/logs/1dbbff13d6ab1dfea9acdd853a17b12221fb9729.log	BM_g:uc7_dfa;n:url_match;a:low;s:LARGE;t:specialized_exec;/524288000
pass	0	666c478a6bd6cd726224d123b098b5b2e15dd1ab	/home/Jakob.Gerhardt/CLionProjects/Masterarbeit/llvm/runtime-specialization/benchmarks/reports/20260620_123550-uc-best-benchmark-failures/logs/666c478a6bd6cd726224d123b098b5b2e15dd1ab.log	BM_g:uc7_dfa;n:url_match;a:low;s:EXTRALARGE;t:specialized_exec;/1048576000
pass	0	87c8a6bb20be283bbfc9febf8b67f7c600df0e37	/home/Jakob.Gerhardt/CLionProjects/Masterarbeit/llvm/runtime-specialization/benchmarks/reports/20260620_123550-uc-best-benchmark-failures/logs/87c8a6bb20be283bbfc9febf8b67f7c600df0e37.log	BM_g:uc7_dfa;n:url_match;a:tradeoff;s:SMALL;t:unspecialized;/5242880
pass	0	d455f1d25ed406dd860b89c873ba4ce7e6bbe1f4	/home/Jakob.Gerhardt/CLionProjects/Masterarbeit/llvm/runtime-specialization/benchmarks/reports/20260620_123550-uc-best-benchmark-failures/logs/d455f1d25ed406dd860b89c873ba4ce7e6bbe1f4.log	BM_g:uc7_dfa;n:url_match;a:tradeoff;s:MEDIUM;t:unspecialized;/52428800
pass	0	74059d26966d60c9ead89f3cabc9c076eae550dc	/home/Jakob.Gerhardt/CLionProjects/Masterarbeit/llvm/runtime-specialization/benchmarks/reports/20260620_123550-uc-best-benchmark-failures/logs/74059d26966d60c9ead89f3cabc9c076eae550dc.log	BM_g:uc7_dfa;n:url_match;a:tradeoff;s:LARGE;t:unspecialized;/524288000
pass	0	c038ec518701fcad48b4700150f6d5dffb6d7f26	/home/Jakob.Gerhardt/CLionProjects/Masterarbeit/llvm/runtime-specialization/benchmarks/reports/20260620_123550-uc-best-benchmark-failures/logs/c038ec518701fcad48b4700150f6d5dffb6d7f26.log	BM_g:uc7_dfa;n:url_match;a:tradeoff;s:EXTRALARGE;t:unspecialized;/1048576000
pass	0	4390608d6cc526a640db44ada28df96c4ee607e8	/home/Jakob.Gerhardt/CLionProjects/Masterarbeit/llvm/runtime-specialization/benchmarks/reports/20260620_123550-uc-best-benchmark-failures/logs/4390608d6cc526a640db44ada28df96c4ee607e8.log	BM_g:uc7_dfa;n:url_match;a:tradeoff;s:SMALL;t:jit_overhead;/5242880/iterations:1/manual_time
pass	0	b0810b236bd86ca94914f8c1c86f4a20837882e9	/home/Jakob.Gerhardt/CLionProjects/Masterarbeit/llvm/runtime-specialization/benchmarks/reports/20260620_123550-uc-best-benchmark-failures/logs/b0810b236bd86ca94914f8c1c86f4a20837882e9.log	BM_g:uc7_dfa;n:url_match;a:tradeoff;s:MEDIUM;t:jit_overhead;/52428800/iterations:1/manual_time
pass	0	755c4c4922896d57fe1eff42670b693f1b0dd8f9	/home/Jakob.Gerhardt/CLionProjects/Masterarbeit/llvm/runtime-specialization/benchmarks/reports/20260620_123550-uc-best-benchmark-failures/logs/755c4c4922896d57fe1eff42670b693f1b0dd8f9.log	BM_g:uc7_dfa;n:url_match;a:tradeoff;s:LARGE;t:jit_overhead;/524288000/iterations:1/manual_time
pass	0	aa534dd95eb1c2581f054a5ebfb08657a6e479a0	/home/Jakob.Gerhardt/CLionProjects/Masterarbeit/llvm/runtime-specialization/benchmarks/reports/20260620_123550-uc-best-benchmark-failures/logs/aa534dd95eb1c2581f054a5ebfb08657a6e479a0.log	BM_g:uc7_dfa;n:url_match;a:tradeoff;s:EXTRALARGE;t:jit_overhead;/1048576000/iterations:1/manual_time
pass	0	3f9f81bd6851c8e48f4e003c6d174dadf36e5cc3	/home/Jakob.Gerhardt/CLionProjects/Masterarbeit/llvm/runtime-specialization/benchmarks/reports/20260620_123550-uc-best-benchmark-failures/logs/3f9f81bd6851c8e48f4e003c6d174dadf36e5cc3.log	BM_g:uc7_dfa;n:url_match;a:tradeoff;s:SMALL;t:specialized_exec;/5242880
pass	0	6e5671a27feb37e1b0a30a8b2721c44110f25838	/home/Jakob.Gerhardt/CLionProjects/Masterarbeit/llvm/runtime-specialization/benchmarks/reports/20260620_123550-uc-best-benchmark-failures/logs/6e5671a27feb37e1b0a30a8b2721c44110f25838.log	BM_g:uc7_dfa;n:url_match;a:tradeoff;s:MEDIUM;t:specialized_exec;/52428800
pass	0	029bb686b642b4e02755fc34dc71126326cd60c5	/home/Jakob.Gerhardt/CLionProjects/Masterarbeit/llvm/runtime-specialization/benchmarks/reports/20260620_123550-uc-best-benchmark-failures/logs/029bb686b642b4e02755fc34dc71126326cd60c5.log	BM_g:uc7_dfa;n:url_match;a:tradeoff;s:LARGE;t:specialized_exec;/524288000
pass	0	c6e1fcc332dc5fab6a7c030b6acd9402ecfe83bb	/home/Jakob.Gerhardt/CLionProjects/Masterarbeit/llvm/runtime-specialization/benchmarks/reports/20260620_123550-uc-best-benchmark-failures/logs/c6e1fcc332dc5fab6a7c030b6acd9402ecfe83bb.log	BM_g:uc7_dfa;n:url_match;a:tradeoff;s:EXTRALARGE;t:specialized_exec;/1048576000
pass	0	ce898c1128f098d6e989faeb12a03bbe837c2727	/home/Jakob.Gerhardt/CLionProjects/Masterarbeit/llvm/runtime-specialization/benchmarks/reports/20260620_123550-uc-best-benchmark-failures/logs/ce898c1128f098d6e989faeb12a03bbe837c2727.log	BM_g:uc7_dfa;n:url_match;a:abstract;s:SMALL;t:unspecialized;/5242880
pass	0	132d10b4397826fcc23007170804325f0688d7be	/home/Jakob.Gerhardt/CLionProjects/Masterarbeit/llvm/runtime-specialization/benchmarks/reports/20260620_123550-uc-best-benchmark-failures/logs/132d10b4397826fcc23007170804325f0688d7be.log	BM_g:uc7_dfa;n:url_match;a:abstract;s:MEDIUM;t:unspecialized;/52428800
pass	0	b1124040af68ada45629c673e54e4c7dc12b92c1	/home/Jakob.Gerhardt/CLionProjects/Masterarbeit/llvm/runtime-specialization/benchmarks/reports/20260620_123550-uc-best-benchmark-failures/logs/b1124040af68ada45629c673e54e4c7dc12b92c1.log	BM_g:uc7_dfa;n:url_match;a:abstract;s:LARGE;t:unspecialized;/524288000
pass	0	b7b622df2f1932c5706760ee68021f89953e3585	/home/Jakob.Gerhardt/CLionProjects/Masterarbeit/llvm/runtime-specialization/benchmarks/reports/20260620_123550-uc-best-benchmark-failures/logs/b7b622df2f1932c5706760ee68021f89953e3585.log	BM_g:uc7_dfa;n:url_match;a:abstract;s:EXTRALARGE;t:unspecialized;/1048576000
pass	0	f6d4733be8cd18f8a87442da6884ebe0b8eb44e8	/home/Jakob.Gerhardt/CLionProjects/Masterarbeit/llvm/runtime-specialization/benchmarks/reports/20260620_123550-uc-best-benchmark-failures/logs/f6d4733be8cd18f8a87442da6884ebe0b8eb44e8.log	BM_g:uc7_dfa;n:url_match;a:abstract;s:SMALL;t:jit_overhead;/5242880/iterations:1/manual_time
pass	0	d1dffa521c2cc28a9b5f1c9613b670ad9b9e1393	/home/Jakob.Gerhardt/CLionProjects/Masterarbeit/llvm/runtime-specialization/benchmarks/reports/20260620_123550-uc-best-benchmark-failures/logs/d1dffa521c2cc28a9b5f1c9613b670ad9b9e1393.log	BM_g:uc7_dfa;n:url_match;a:abstract;s:MEDIUM;t:jit_overhead;/52428800/iterations:1/manual_time
pass	0	da1ab8ce689f386d500d5a29e3b51c737b135d0d	/home/Jakob.Gerhardt/CLionProjects/Masterarbeit/llvm/runtime-specialization/benchmarks/reports/20260620_123550-uc-best-benchmark-failures/logs/da1ab8ce689f386d500d5a29e3b51c737b135d0d.log	BM_g:uc7_dfa;n:url_match;a:abstract;s:LARGE;t:jit_overhead;/524288000/iterations:1/manual_time
pass	0	1da73455d2c22e517491c11cc16d86209fec1abb	/home/Jakob.Gerhardt/CLionProjects/Masterarbeit/llvm/runtime-specialization/benchmarks/reports/20260620_123550-uc-best-benchmark-failures/logs/1da73455d2c22e517491c11cc16d86209fec1abb.log	BM_g:uc7_dfa;n:url_match;a:abstract;s:EXTRALARGE;t:jit_overhead;/1048576000/iterations:1/manual_time
pass	0	fc9341ce0f16fef726815f6c6a979f742885e942	/home/Jakob.Gerhardt/CLionProjects/Masterarbeit/llvm/runtime-specialization/benchmarks/reports/20260620_123550-uc-best-benchmark-failures/logs/fc9341ce0f16fef726815f6c6a979f742885e942.log	BM_g:uc7_dfa;n:url_match;a:abstract;s:SMALL;t:specialized_exec;/5242880
pass	0	089873f33ee34599b54d277b82716b73875aa201	/home/Jakob.Gerhardt/CLionProjects/Masterarbeit/llvm/runtime-specialization/benchmarks/reports/20260620_123550-uc-best-benchmark-failures/logs/089873f33ee34599b54d277b82716b73875aa201.log	BM_g:uc7_dfa;n:url_match;a:abstract;s:MEDIUM;t:specialized_exec;/52428800
pass	0	96e4d944394991b001ebde808a458e52048fb069	/home/Jakob.Gerhardt/CLionProjects/Masterarbeit/llvm/runtime-specialization/benchmarks/reports/20260620_123550-uc-best-benchmark-failures/logs/96e4d944394991b001ebde808a458e52048fb069.log	BM_g:uc7_dfa;n:url_match;a:abstract;s:LARGE;t:specialized_exec;/524288000
pass	0	406805e06b3b8f70144034a3235857624f4ae6b7	/home/Jakob.Gerhardt/CLionProjects/Masterarbeit/llvm/runtime-specialization/benchmarks/reports/20260620_123550-uc-best-benchmark-failures/logs/406805e06b3b8f70144034a3235857624f4ae6b7.log	BM_g:uc7_dfa;n:url_match;a:abstract;s:EXTRALARGE;t:specialized_exec;/1048576000
pass	0	62cb8e8391164ff08995e8665da5630761f6941e	/home/Jakob.Gerhardt/CLionProjects/Masterarbeit/llvm/runtime-specialization/benchmarks/reports/20260620_123550-uc-best-benchmark-failures/logs/62cb8e8391164ff08995e8665da5630761f6941e.log	BM_g:uc7_dfa;n:multi_pattern_match;a:low;s:SMALL;t:unspecialized;/5242880
pass	0	9a3511e033cf81a6ae34e6184142b240ece84069	/home/Jakob.Gerhardt/CLionProjects/Masterarbeit/llvm/runtime-specialization/benchmarks/reports/20260620_123550-uc-best-benchmark-failures/logs/9a3511e033cf81a6ae34e6184142b240ece84069.log	BM_g:uc7_dfa;n:multi_pattern_match;a:low;s:MEDIUM;t:unspecialized;/52428800
pass	0	4e4ccaffd7687ca325528e2c9af2a70e51f11006	/home/Jakob.Gerhardt/CLionProjects/Masterarbeit/llvm/runtime-specialization/benchmarks/reports/20260620_123550-uc-best-benchmark-failures/logs/4e4ccaffd7687ca325528e2c9af2a70e51f11006.log	BM_g:uc7_dfa;n:multi_pattern_match;a:low;s:LARGE;t:unspecialized;/524288000
pass	0	2739462d351e46fa698dde54fdb551a60d4d6cf5	/home/Jakob.Gerhardt/CLionProjects/Masterarbeit/llvm/runtime-specialization/benchmarks/reports/20260620_123550-uc-best-benchmark-failures/logs/2739462d351e46fa698dde54fdb551a60d4d6cf5.log	BM_g:uc7_dfa;n:multi_pattern_match;a:low;s:EXTRALARGE;t:unspecialized;/1048576000
pass	0	472107206b22366703fa5e92bf103f6fd85d46a1	/home/Jakob.Gerhardt/CLionProjects/Masterarbeit/llvm/runtime-specialization/benchmarks/reports/20260620_123550-uc-best-benchmark-failures/logs/472107206b22366703fa5e92bf103f6fd85d46a1.log	BM_g:uc7_dfa;n:multi_pattern_match;a:low;s:SMALL;t:jit_overhead;/5242880/iterations:1/manual_time
pass	0	39520eb5146f3a2370fd6ff8358b994bd8fba99a	/home/Jakob.Gerhardt/CLionProjects/Masterarbeit/llvm/runtime-specialization/benchmarks/reports/20260620_123550-uc-best-benchmark-failures/logs/39520eb5146f3a2370fd6ff8358b994bd8fba99a.log	BM_g:uc7_dfa;n:multi_pattern_match;a:low;s:MEDIUM;t:jit_overhead;/52428800/iterations:1/manual_time
pass	0	4cab7f6349aecc2a74da54c996e4ef0c0dc4db6a	/home/Jakob.Gerhardt/CLionProjects/Masterarbeit/llvm/runtime-specialization/benchmarks/reports/20260620_123550-uc-best-benchmark-failures/logs/4cab7f6349aecc2a74da54c996e4ef0c0dc4db6a.log	BM_g:uc7_dfa;n:multi_pattern_match;a:low;s:LARGE;t:jit_overhead;/524288000/iterations:1/manual_time
pass	0	eb21f48fcd9b8d0b2de1a4ed01c1a0875f355b12	/home/Jakob.Gerhardt/CLionProjects/Masterarbeit/llvm/runtime-specialization/benchmarks/reports/20260620_123550-uc-best-benchmark-failures/logs/eb21f48fcd9b8d0b2de1a4ed01c1a0875f355b12.log	BM_g:uc7_dfa;n:multi_pattern_match;a:low;s:EXTRALARGE;t:jit_overhead;/1048576000/iterations:1/manual_time
pass	0	85497b227ff24d6349abe4291c72c6ca42ba5614	/home/Jakob.Gerhardt/CLionProjects/Masterarbeit/llvm/runtime-specialization/benchmarks/reports/20260620_123550-uc-best-benchmark-failures/logs/85497b227ff24d6349abe4291c72c6ca42ba5614.log	BM_g:uc7_dfa;n:multi_pattern_match;a:low;s:SMALL;t:specialized_exec;/5242880
pass	0	538eb7b5b4a465cc7fc109aeee8df6c3de6d8713	/home/Jakob.Gerhardt/CLionProjects/Masterarbeit/llvm/runtime-specialization/benchmarks/reports/20260620_123550-uc-best-benchmark-failures/logs/538eb7b5b4a465cc7fc109aeee8df6c3de6d8713.log	BM_g:uc7_dfa;n:multi_pattern_match;a:low;s:MEDIUM;t:specialized_exec;/52428800
pass	0	771b6556eb947e5f87c250e1e422c9f877183cac	/home/Jakob.Gerhardt/CLionProjects/Masterarbeit/llvm/runtime-specialization/benchmarks/reports/20260620_123550-uc-best-benchmark-failures/logs/771b6556eb947e5f87c250e1e422c9f877183cac.log	BM_g:uc7_dfa;n:multi_pattern_match;a:low;s:LARGE;t:specialized_exec;/524288000
pass	0	85e99a84030adc7527b98003a290f1d464c1eb41	/home/Jakob.Gerhardt/CLionProjects/Masterarbeit/llvm/runtime-specialization/benchmarks/reports/20260620_123550-uc-best-benchmark-failures/logs/85e99a84030adc7527b98003a290f1d464c1eb41.log	BM_g:uc7_dfa;n:multi_pattern_match;a:low;s:EXTRALARGE;t:specialized_exec;/1048576000
pass	0	f7d5b45d5c9ff9fe45629dc79e888434cdde3e97	/home/Jakob.Gerhardt/CLionProjects/Masterarbeit/llvm/runtime-specialization/benchmarks/reports/20260620_123550-uc-best-benchmark-failures/logs/f7d5b45d5c9ff9fe45629dc79e888434cdde3e97.log	BM_g:uc7_dfa;n:multi_pattern_match;a:tradeoff;s:SMALL;t:unspecialized;/5242880
pass	0	295845097ed8770a21f02037bd1486715ce95787	/home/Jakob.Gerhardt/CLionProjects/Masterarbeit/llvm/runtime-specialization/benchmarks/reports/20260620_123550-uc-best-benchmark-failures/logs/295845097ed8770a21f02037bd1486715ce95787.log	BM_g:uc7_dfa;n:multi_pattern_match;a:tradeoff;s:MEDIUM;t:unspecialized;/52428800
pass	0	a0d8ce97eb6af5dd6b95c878edf8e0f6792bd331	/home/Jakob.Gerhardt/CLionProjects/Masterarbeit/llvm/runtime-specialization/benchmarks/reports/20260620_123550-uc-best-benchmark-failures/logs/a0d8ce97eb6af5dd6b95c878edf8e0f6792bd331.log	BM_g:uc7_dfa;n:multi_pattern_match;a:tradeoff;s:LARGE;t:unspecialized;/524288000
pass	0	ba454b4b210b3a69bbff8ab6644873e00993beb3	/home/Jakob.Gerhardt/CLionProjects/Masterarbeit/llvm/runtime-specialization/benchmarks/reports/20260620_123550-uc-best-benchmark-failures/logs/ba454b4b210b3a69bbff8ab6644873e00993beb3.log	BM_g:uc7_dfa;n:multi_pattern_match;a:tradeoff;s:EXTRALARGE;t:unspecialized;/1048576000
pass	0	8a84518ed1594856ac8988497c149488b8975bf3	/home/Jakob.Gerhardt/CLionProjects/Masterarbeit/llvm/runtime-specialization/benchmarks/reports/20260620_123550-uc-best-benchmark-failures/logs/8a84518ed1594856ac8988497c149488b8975bf3.log	BM_g:uc7_dfa;n:multi_pattern_match;a:tradeoff;s:SMALL;t:jit_overhead;/5242880/iterations:1/manual_time
pass	0	370983e3a4c5d0ee42dabe4d1fb9cdc261e0a90a	/home/Jakob.Gerhardt/CLionProjects/Masterarbeit/llvm/runtime-specialization/benchmarks/reports/20260620_123550-uc-best-benchmark-failures/logs/370983e3a4c5d0ee42dabe4d1fb9cdc261e0a90a.log	BM_g:uc7_dfa;n:multi_pattern_match;a:tradeoff;s:MEDIUM;t:jit_overhead;/52428800/iterations:1/manual_time
pass	0	929444e08c7d39cb031810e8ab8373ab28373bf6	/home/Jakob.Gerhardt/CLionProjects/Masterarbeit/llvm/runtime-specialization/benchmarks/reports/20260620_123550-uc-best-benchmark-failures/logs/929444e08c7d39cb031810e8ab8373ab28373bf6.log	BM_g:uc7_dfa;n:multi_pattern_match;a:tradeoff;s:LARGE;t:jit_overhead;/524288000/iterations:1/manual_time
pass	0	d84854422b28ec075a43afab557b2933a3d25a18	/home/Jakob.Gerhardt/CLionProjects/Masterarbeit/llvm/runtime-specialization/benchmarks/reports/20260620_123550-uc-best-benchmark-failures/logs/d84854422b28ec075a43afab557b2933a3d25a18.log	BM_g:uc7_dfa;n:multi_pattern_match;a:tradeoff;s:EXTRALARGE;t:jit_overhead;/1048576000/iterations:1/manual_time
pass	0	6f0f4c47f076499c261fcb44619e9d8c3486a1a8	/home/Jakob.Gerhardt/CLionProjects/Masterarbeit/llvm/runtime-specialization/benchmarks/reports/20260620_123550-uc-best-benchmark-failures/logs/6f0f4c47f076499c261fcb44619e9d8c3486a1a8.log	BM_g:uc7_dfa;n:multi_pattern_match;a:tradeoff;s:SMALL;t:specialized_exec;/5242880
pass	0	2d7cfb6d156b8f720300f34e2af5439439de4d93	/home/Jakob.Gerhardt/CLionProjects/Masterarbeit/llvm/runtime-specialization/benchmarks/reports/20260620_123550-uc-best-benchmark-failures/logs/2d7cfb6d156b8f720300f34e2af5439439de4d93.log	BM_g:uc7_dfa;n:multi_pattern_match;a:tradeoff;s:MEDIUM;t:specialized_exec;/52428800
pass	0	254b3bc9fbeb183307e5a679a73d0de0783ea968	/home/Jakob.Gerhardt/CLionProjects/Masterarbeit/llvm/runtime-specialization/benchmarks/reports/20260620_123550-uc-best-benchmark-failures/logs/254b3bc9fbeb183307e5a679a73d0de0783ea968.log	BM_g:uc7_dfa;n:multi_pattern_match;a:tradeoff;s:LARGE;t:specialized_exec;/524288000
pass	0	1dc2c01b5d7ca874a08936d45ca44e5d0fb9e61a	/home/Jakob.Gerhardt/CLionProjects/Masterarbeit/llvm/runtime-specialization/benchmarks/reports/20260620_123550-uc-best-benchmark-failures/logs/1dc2c01b5d7ca874a08936d45ca44e5d0fb9e61a.log	BM_g:uc7_dfa;n:multi_pattern_match;a:tradeoff;s:EXTRALARGE;t:specialized_exec;/1048576000
pass	0	5fcefbcc41ab85bdd1554a74495eb292257a24bf	/home/Jakob.Gerhardt/CLionProjects/Masterarbeit/llvm/runtime-specialization/benchmarks/reports/20260620_123550-uc-best-benchmark-failures/logs/5fcefbcc41ab85bdd1554a74495eb292257a24bf.log	BM_g:uc7_dfa;n:multi_pattern_match;a:abstract;s:SMALL;t:unspecialized;/5242880
pass	0	ad03f1324d59420797c6d1b882ea3b7898678d97	/home/Jakob.Gerhardt/CLionProjects/Masterarbeit/llvm/runtime-specialization/benchmarks/reports/20260620_123550-uc-best-benchmark-failures/logs/ad03f1324d59420797c6d1b882ea3b7898678d97.log	BM_g:uc7_dfa;n:multi_pattern_match;a:abstract;s:MEDIUM;t:unspecialized;/52428800
pass	0	1ffe684a52cfe00efe4ee8c9ca6ecd5cc40f03f0	/home/Jakob.Gerhardt/CLionProjects/Masterarbeit/llvm/runtime-specialization/benchmarks/reports/20260620_123550-uc-best-benchmark-failures/logs/1ffe684a52cfe00efe4ee8c9ca6ecd5cc40f03f0.log	BM_g:uc7_dfa;n:multi_pattern_match;a:abstract;s:LARGE;t:unspecialized;/524288000
pass	0	2ed7cbc789d3bc6b8e4debb795b30ab75678e088	/home/Jakob.Gerhardt/CLionProjects/Masterarbeit/llvm/runtime-specialization/benchmarks/reports/20260620_123550-uc-best-benchmark-failures/logs/2ed7cbc789d3bc6b8e4debb795b30ab75678e088.log	BM_g:uc7_dfa;n:multi_pattern_match;a:abstract;s:EXTRALARGE;t:unspecialized;/1048576000
pass	0	58b707ad1fa810d86aa8348f7e754da63ae41355	/home/Jakob.Gerhardt/CLionProjects/Masterarbeit/llvm/runtime-specialization/benchmarks/reports/20260620_123550-uc-best-benchmark-failures/logs/58b707ad1fa810d86aa8348f7e754da63ae41355.log	BM_g:uc7_dfa;n:multi_pattern_match;a:abstract;s:SMALL;t:jit_overhead;/5242880/iterations:1/manual_time
pass	0	df2e240a5e5b4d79077986ed8790876bb6350bd5	/home/Jakob.Gerhardt/CLionProjects/Masterarbeit/llvm/runtime-specialization/benchmarks/reports/20260620_123550-uc-best-benchmark-failures/logs/df2e240a5e5b4d79077986ed8790876bb6350bd5.log	BM_g:uc7_dfa;n:multi_pattern_match;a:abstract;s:MEDIUM;t:jit_overhead;/52428800/iterations:1/manual_time
pass	0	14ea3819deb376cbd1df4eba129558777ab73099	/home/Jakob.Gerhardt/CLionProjects/Masterarbeit/llvm/runtime-specialization/benchmarks/reports/20260620_123550-uc-best-benchmark-failures/logs/14ea3819deb376cbd1df4eba129558777ab73099.log	BM_g:uc7_dfa;n:multi_pattern_match;a:abstract;s:LARGE;t:jit_overhead;/524288000/iterations:1/manual_time
pass	0	214b1b8047e3afedf08fc22e3e5654080d20d947	/home/Jakob.Gerhardt/CLionProjects/Masterarbeit/llvm/runtime-specialization/benchmarks/reports/20260620_123550-uc-best-benchmark-failures/logs/214b1b8047e3afedf08fc22e3e5654080d20d947.log	BM_g:uc7_dfa;n:multi_pattern_match;a:abstract;s:EXTRALARGE;t:jit_overhead;/1048576000/iterations:1/manual_time
pass	0	af2fef731ac43c94f7ed54e5f40da7b474ba913d	/home/Jakob.Gerhardt/CLionProjects/Masterarbeit/llvm/runtime-specialization/benchmarks/reports/20260620_123550-uc-best-benchmark-failures/logs/af2fef731ac43c94f7ed54e5f40da7b474ba913d.log	BM_g:uc7_dfa;n:multi_pattern_match;a:abstract;s:SMALL;t:specialized_exec;/5242880
pass	0	ae56e0c618bc68c927e23cafc21ecac3a4ccd6fb	/home/Jakob.Gerhardt/CLionProjects/Masterarbeit/llvm/runtime-specialization/benchmarks/reports/20260620_123550-uc-best-benchmark-failures/logs/ae56e0c618bc68c927e23cafc21ecac3a4ccd6fb.log	BM_g:uc7_dfa;n:multi_pattern_match;a:abstract;s:MEDIUM;t:specialized_exec;/52428800
pass	0	73d6b6c48093a24220e29fe2a5c21fd20390e1f8	/home/Jakob.Gerhardt/CLionProjects/Masterarbeit/llvm/runtime-specialization/benchmarks/reports/20260620_123550-uc-best-benchmark-failures/logs/73d6b6c48093a24220e29fe2a5c21fd20390e1f8.log	BM_g:uc7_dfa;n:multi_pattern_match;a:abstract;s:LARGE;t:specialized_exec;/524288000
pass	0	dd4b3ebaab01c215c459f80ddc376cc478bca6d7	/home/Jakob.Gerhardt/CLionProjects/Masterarbeit/llvm/runtime-specialization/benchmarks/reports/20260620_123550-uc-best-benchmark-failures/logs/dd4b3ebaab01c215c459f80ddc376cc478bca6d7.log	BM_g:uc7_dfa;n:multi_pattern_match;a:abstract;s:EXTRALARGE;t:specialized_exec;/1048576000
pass	0	e28867fa474270486558af99f0ccd5c4f2797219	/home/Jakob.Gerhardt/CLionProjects/Masterarbeit/llvm/runtime-specialization/benchmarks/reports/20260620_123550-uc-best-benchmark-failures/logs/e28867fa474270486558af99f0ccd5c4f2797219.log	BM_g:uc8_ivm;n:apply_row_delta;a:low;s:SMALL;t:unspecialized;/1000000
pass	0	1d6f1f8e5db86539f17134222714a9800c96be10	/home/Jakob.Gerhardt/CLionProjects/Masterarbeit/llvm/runtime-specialization/benchmarks/reports/20260620_123550-uc-best-benchmark-failures/logs/1d6f1f8e5db86539f17134222714a9800c96be10.log	BM_g:uc8_ivm;n:apply_row_delta;a:low;s:MEDIUM;t:unspecialized;/10000000
pass	0	334ff19b321add95c40d8d2191b03a6d699c6027	/home/Jakob.Gerhardt/CLionProjects/Masterarbeit/llvm/runtime-specialization/benchmarks/reports/20260620_123550-uc-best-benchmark-failures/logs/334ff19b321add95c40d8d2191b03a6d699c6027.log	BM_g:uc8_ivm;n:apply_row_delta;a:low;s:LARGE;t:unspecialized;/30000000
pass	0	51baa52af12b916cd0ae7fde6180f61136ad8696	/home/Jakob.Gerhardt/CLionProjects/Masterarbeit/llvm/runtime-specialization/benchmarks/reports/20260620_123550-uc-best-benchmark-failures/logs/51baa52af12b916cd0ae7fde6180f61136ad8696.log	BM_g:uc8_ivm;n:apply_row_delta;a:low;s:EXTRALARGE;t:unspecialized;/42000000
pass	0	74ad5f8b94bc6a163cf933749c7529aca5adc946	/home/Jakob.Gerhardt/CLionProjects/Masterarbeit/llvm/runtime-specialization/benchmarks/reports/20260620_123550-uc-best-benchmark-failures/logs/74ad5f8b94bc6a163cf933749c7529aca5adc946.log	BM_g:uc8_ivm;n:apply_row_delta;a:low;s:SMALL;t:jit_overhead;/1000000/iterations:1/manual_time
pass	0	7088e3973e80d7ebb4876c329630c9f32346161c	/home/Jakob.Gerhardt/CLionProjects/Masterarbeit/llvm/runtime-specialization/benchmarks/reports/20260620_123550-uc-best-benchmark-failures/logs/7088e3973e80d7ebb4876c329630c9f32346161c.log	BM_g:uc8_ivm;n:apply_row_delta;a:low;s:MEDIUM;t:jit_overhead;/10000000/iterations:1/manual_time
pass	0	452182969c11d649c668169eb5ccee00c50f0716	/home/Jakob.Gerhardt/CLionProjects/Masterarbeit/llvm/runtime-specialization/benchmarks/reports/20260620_123550-uc-best-benchmark-failures/logs/452182969c11d649c668169eb5ccee00c50f0716.log	BM_g:uc8_ivm;n:apply_row_delta;a:low;s:LARGE;t:jit_overhead;/30000000/iterations:1/manual_time
pass	0	5440a012df923e0524e64195cf392b474a626e12	/home/Jakob.Gerhardt/CLionProjects/Masterarbeit/llvm/runtime-specialization/benchmarks/reports/20260620_123550-uc-best-benchmark-failures/logs/5440a012df923e0524e64195cf392b474a626e12.log	BM_g:uc8_ivm;n:apply_row_delta;a:low;s:EXTRALARGE;t:jit_overhead;/42000000/iterations:1/manual_time
pass	0	2315134503489050a602684daeb7afbd29926f29	/home/Jakob.Gerhardt/CLionProjects/Masterarbeit/llvm/runtime-specialization/benchmarks/reports/20260620_123550-uc-best-benchmark-failures/logs/2315134503489050a602684daeb7afbd29926f29.log	BM_g:uc8_ivm;n:apply_row_delta;a:low;s:SMALL;t:specialized_exec;/1000000
pass	0	6733dcf93268986c9a142cf74ab3e68b8003d1d7	/home/Jakob.Gerhardt/CLionProjects/Masterarbeit/llvm/runtime-specialization/benchmarks/reports/20260620_123550-uc-best-benchmark-failures/logs/6733dcf93268986c9a142cf74ab3e68b8003d1d7.log	BM_g:uc8_ivm;n:apply_row_delta;a:low;s:MEDIUM;t:specialized_exec;/10000000
pass	0	3533b41755a7d073314aea33a8bac8b596acc301	/home/Jakob.Gerhardt/CLionProjects/Masterarbeit/llvm/runtime-specialization/benchmarks/reports/20260620_123550-uc-best-benchmark-failures/logs/3533b41755a7d073314aea33a8bac8b596acc301.log	BM_g:uc8_ivm;n:apply_row_delta;a:low;s:LARGE;t:specialized_exec;/30000000
pass	0	d10e612ca478d4610ad4510fe2f09b62ca736f70	/home/Jakob.Gerhardt/CLionProjects/Masterarbeit/llvm/runtime-specialization/benchmarks/reports/20260620_123550-uc-best-benchmark-failures/logs/d10e612ca478d4610ad4510fe2f09b62ca736f70.log	BM_g:uc8_ivm;n:apply_row_delta;a:low;s:EXTRALARGE;t:specialized_exec;/42000000
pass	0	6792c70e48c3a78480133220c81904c17f6746ce	/home/Jakob.Gerhardt/CLionProjects/Masterarbeit/llvm/runtime-specialization/benchmarks/reports/20260620_123550-uc-best-benchmark-failures/logs/6792c70e48c3a78480133220c81904c17f6746ce.log	BM_g:uc8_ivm;n:apply_row_delta;a:tradeoff;s:SMALL;t:unspecialized;/1000000
pass	0	15a3c9b0b437d419f0455e4030550d8bf2f7e36b	/home/Jakob.Gerhardt/CLionProjects/Masterarbeit/llvm/runtime-specialization/benchmarks/reports/20260620_123550-uc-best-benchmark-failures/logs/15a3c9b0b437d419f0455e4030550d8bf2f7e36b.log	BM_g:uc8_ivm;n:apply_row_delta;a:tradeoff;s:MEDIUM;t:unspecialized;/10000000
pass	0	eb3bed3c4cd926cc0a28e2d19e8cd292237ece2a	/home/Jakob.Gerhardt/CLionProjects/Masterarbeit/llvm/runtime-specialization/benchmarks/reports/20260620_123550-uc-best-benchmark-failures/logs/eb3bed3c4cd926cc0a28e2d19e8cd292237ece2a.log	BM_g:uc8_ivm;n:apply_row_delta;a:tradeoff;s:LARGE;t:unspecialized;/30000000
pass	0	bdde87c8de0e82387716576a10af153f0da942a9	/home/Jakob.Gerhardt/CLionProjects/Masterarbeit/llvm/runtime-specialization/benchmarks/reports/20260620_123550-uc-best-benchmark-failures/logs/bdde87c8de0e82387716576a10af153f0da942a9.log	BM_g:uc8_ivm;n:apply_row_delta;a:tradeoff;s:EXTRALARGE;t:unspecialized;/42000000
pass	0	87b966cc91ff69a7083b99275edd1b870dc8e66c	/home/Jakob.Gerhardt/CLionProjects/Masterarbeit/llvm/runtime-specialization/benchmarks/reports/20260620_123550-uc-best-benchmark-failures/logs/87b966cc91ff69a7083b99275edd1b870dc8e66c.log	BM_g:uc8_ivm;n:apply_row_delta;a:tradeoff;s:SMALL;t:jit_overhead;/1000000/iterations:1/manual_time
pass	0	ef5995472a9d3c2cbd9997d231ccff2ebc5a0891	/home/Jakob.Gerhardt/CLionProjects/Masterarbeit/llvm/runtime-specialization/benchmarks/reports/20260620_123550-uc-best-benchmark-failures/logs/ef5995472a9d3c2cbd9997d231ccff2ebc5a0891.log	BM_g:uc8_ivm;n:apply_row_delta;a:tradeoff;s:MEDIUM;t:jit_overhead;/10000000/iterations:1/manual_time
pass	0	3b1a9fcfaa0346d436745b2fc6b6968cbd18a130	/home/Jakob.Gerhardt/CLionProjects/Masterarbeit/llvm/runtime-specialization/benchmarks/reports/20260620_123550-uc-best-benchmark-failures/logs/3b1a9fcfaa0346d436745b2fc6b6968cbd18a130.log	BM_g:uc8_ivm;n:apply_row_delta;a:tradeoff;s:LARGE;t:jit_overhead;/30000000/iterations:1/manual_time
pass	0	adab2225784f913e6574ccb2063a10f1bcff080e	/home/Jakob.Gerhardt/CLionProjects/Masterarbeit/llvm/runtime-specialization/benchmarks/reports/20260620_123550-uc-best-benchmark-failures/logs/adab2225784f913e6574ccb2063a10f1bcff080e.log	BM_g:uc8_ivm;n:apply_row_delta;a:tradeoff;s:EXTRALARGE;t:jit_overhead;/42000000/iterations:1/manual_time
pass	0	a08ff74ecf184f1096ba2b73cabbb57d4a98945d	/home/Jakob.Gerhardt/CLionProjects/Masterarbeit/llvm/runtime-specialization/benchmarks/reports/20260620_123550-uc-best-benchmark-failures/logs/a08ff74ecf184f1096ba2b73cabbb57d4a98945d.log	BM_g:uc8_ivm;n:apply_row_delta;a:tradeoff;s:SMALL;t:specialized_exec;/1000000
pass	0	349e0a808c227063d7dc9fac2b0703e044dc171e	/home/Jakob.Gerhardt/CLionProjects/Masterarbeit/llvm/runtime-specialization/benchmarks/reports/20260620_123550-uc-best-benchmark-failures/logs/349e0a808c227063d7dc9fac2b0703e044dc171e.log	BM_g:uc8_ivm;n:apply_row_delta;a:tradeoff;s:MEDIUM;t:specialized_exec;/10000000
pass	0	6d2985c9f721a540d0ba5ec846832dae3223404d	/home/Jakob.Gerhardt/CLionProjects/Masterarbeit/llvm/runtime-specialization/benchmarks/reports/20260620_123550-uc-best-benchmark-failures/logs/6d2985c9f721a540d0ba5ec846832dae3223404d.log	BM_g:uc8_ivm;n:apply_row_delta;a:tradeoff;s:LARGE;t:specialized_exec;/30000000
pass	0	696548d16f2e17ab77b1809dd4b4514d6462d815	/home/Jakob.Gerhardt/CLionProjects/Masterarbeit/llvm/runtime-specialization/benchmarks/reports/20260620_123550-uc-best-benchmark-failures/logs/696548d16f2e17ab77b1809dd4b4514d6462d815.log	BM_g:uc8_ivm;n:apply_row_delta;a:tradeoff;s:EXTRALARGE;t:specialized_exec;/42000000
pass	0	d2e7437b6a3df92a5a8c9b54427842b329b765ee	/home/Jakob.Gerhardt/CLionProjects/Masterarbeit/llvm/runtime-specialization/benchmarks/reports/20260620_123550-uc-best-benchmark-failures/logs/d2e7437b6a3df92a5a8c9b54427842b329b765ee.log	BM_g:uc8_ivm;n:apply_row_delta;a:abstract;s:SMALL;t:unspecialized;/1000000
pass	0	32630df39e52dd6937b2a01a24fa437280d63bd4	/home/Jakob.Gerhardt/CLionProjects/Masterarbeit/llvm/runtime-specialization/benchmarks/reports/20260620_123550-uc-best-benchmark-failures/logs/32630df39e52dd6937b2a01a24fa437280d63bd4.log	BM_g:uc8_ivm;n:apply_row_delta;a:abstract;s:MEDIUM;t:unspecialized;/10000000
pass	0	ad10c17265415c70798088186b4660501f97164f	/home/Jakob.Gerhardt/CLionProjects/Masterarbeit/llvm/runtime-specialization/benchmarks/reports/20260620_123550-uc-best-benchmark-failures/logs/ad10c17265415c70798088186b4660501f97164f.log	BM_g:uc8_ivm;n:apply_row_delta;a:abstract;s:LARGE;t:unspecialized;/30000000
pass	0	173f7a03587195fbb6805ec2ef983a0e143f1545	/home/Jakob.Gerhardt/CLionProjects/Masterarbeit/llvm/runtime-specialization/benchmarks/reports/20260620_123550-uc-best-benchmark-failures/logs/173f7a03587195fbb6805ec2ef983a0e143f1545.log	BM_g:uc8_ivm;n:apply_row_delta;a:abstract;s:EXTRALARGE;t:unspecialized;/42000000
pass	0	c4f8938b0e969ac4118ab79f3a2b6ce33093f1b7	/home/Jakob.Gerhardt/CLionProjects/Masterarbeit/llvm/runtime-specialization/benchmarks/reports/20260620_123550-uc-best-benchmark-failures/logs/c4f8938b0e969ac4118ab79f3a2b6ce33093f1b7.log	BM_g:uc8_ivm;n:apply_row_delta;a:abstract;s:SMALL;t:jit_overhead;/1000000/iterations:1/manual_time
pass	0	704367930b5c0bddf670c81ac7875b117eb1da29	/home/Jakob.Gerhardt/CLionProjects/Masterarbeit/llvm/runtime-specialization/benchmarks/reports/20260620_123550-uc-best-benchmark-failures/logs/704367930b5c0bddf670c81ac7875b117eb1da29.log	BM_g:uc8_ivm;n:apply_row_delta;a:abstract;s:MEDIUM;t:jit_overhead;/10000000/iterations:1/manual_time
pass	0	6013751558a30e66a662ce126a6ae6bdd4e1a56b	/home/Jakob.Gerhardt/CLionProjects/Masterarbeit/llvm/runtime-specialization/benchmarks/reports/20260620_123550-uc-best-benchmark-failures/logs/6013751558a30e66a662ce126a6ae6bdd4e1a56b.log	BM_g:uc8_ivm;n:apply_row_delta;a:abstract;s:LARGE;t:jit_overhead;/30000000/iterations:1/manual_time
pass	0	ee516603f216920860e7fa08980aac4471947f7a	/home/Jakob.Gerhardt/CLionProjects/Masterarbeit/llvm/runtime-specialization/benchmarks/reports/20260620_123550-uc-best-benchmark-failures/logs/ee516603f216920860e7fa08980aac4471947f7a.log	BM_g:uc8_ivm;n:apply_row_delta;a:abstract;s:EXTRALARGE;t:jit_overhead;/42000000/iterations:1/manual_time
pass	0	c533d6e73f87ecd0e656286db9187814863f7d6f	/home/Jakob.Gerhardt/CLionProjects/Masterarbeit/llvm/runtime-specialization/benchmarks/reports/20260620_123550-uc-best-benchmark-failures/logs/c533d6e73f87ecd0e656286db9187814863f7d6f.log	BM_g:uc8_ivm;n:apply_row_delta;a:abstract;s:SMALL;t:specialized_exec;/1000000
pass	0	ce3b6b39892ff403f4611eae6cb71981ccaf5ace	/home/Jakob.Gerhardt/CLionProjects/Masterarbeit/llvm/runtime-specialization/benchmarks/reports/20260620_123550-uc-best-benchmark-failures/logs/ce3b6b39892ff403f4611eae6cb71981ccaf5ace.log	BM_g:uc8_ivm;n:apply_row_delta;a:abstract;s:MEDIUM;t:specialized_exec;/10000000
pass	0	d82721790d25249ed9220be09619a54db7e45692	/home/Jakob.Gerhardt/CLionProjects/Masterarbeit/llvm/runtime-specialization/benchmarks/reports/20260620_123550-uc-best-benchmark-failures/logs/d82721790d25249ed9220be09619a54db7e45692.log	BM_g:uc8_ivm;n:apply_row_delta;a:abstract;s:LARGE;t:specialized_exec;/30000000
pass	0	5f9177d6b87154d97728e78a6c39b1e42cc944b8	/home/Jakob.Gerhardt/CLionProjects/Masterarbeit/llvm/runtime-specialization/benchmarks/reports/20260620_123550-uc-best-benchmark-failures/logs/5f9177d6b87154d97728e78a6c39b1e42cc944b8.log	BM_g:uc8_ivm;n:apply_row_delta;a:abstract;s:EXTRALARGE;t:specialized_exec;/42000000
pass	0	b9f24205c105304ccd578e8db2d9178c049e744f	/home/Jakob.Gerhardt/CLionProjects/Masterarbeit/llvm/runtime-specialization/benchmarks/reports/20260620_123550-uc-best-benchmark-failures/logs/b9f24205c105304ccd578e8db2d9178c049e744f.log	BM_g:uc8_ivm;n:multi_agg_delta;a:low;s:SMALL;t:unspecialized;/1000000
pass	0	e4618134bb523597ef6a4785537f7e77e769da48	/home/Jakob.Gerhardt/CLionProjects/Masterarbeit/llvm/runtime-specialization/benchmarks/reports/20260620_123550-uc-best-benchmark-failures/logs/e4618134bb523597ef6a4785537f7e77e769da48.log	BM_g:uc8_ivm;n:multi_agg_delta;a:low;s:MEDIUM;t:unspecialized;/10000000
pass	0	e7d1fcaabccbb6ff2a87e75ce98d9739791f2860	/home/Jakob.Gerhardt/CLionProjects/Masterarbeit/llvm/runtime-specialization/benchmarks/reports/20260620_123550-uc-best-benchmark-failures/logs/e7d1fcaabccbb6ff2a87e75ce98d9739791f2860.log	BM_g:uc8_ivm;n:multi_agg_delta;a:low;s:LARGE;t:unspecialized;/30000000
pass	0	db3b7a6a21af16a7a9a2cb0b12f1b3ce9dfaf6e2	/home/Jakob.Gerhardt/CLionProjects/Masterarbeit/llvm/runtime-specialization/benchmarks/reports/20260620_123550-uc-best-benchmark-failures/logs/db3b7a6a21af16a7a9a2cb0b12f1b3ce9dfaf6e2.log	BM_g:uc8_ivm;n:multi_agg_delta;a:low;s:EXTRALARGE;t:unspecialized;/42000000
pass	0	59f6ee99a587a9a6e0eb0136e8e73b02d614f5be	/home/Jakob.Gerhardt/CLionProjects/Masterarbeit/llvm/runtime-specialization/benchmarks/reports/20260620_123550-uc-best-benchmark-failures/logs/59f6ee99a587a9a6e0eb0136e8e73b02d614f5be.log	BM_g:uc8_ivm;n:multi_agg_delta;a:low;s:SMALL;t:jit_overhead;/1000000/iterations:1/manual_time
pass	0	068625a306199da28eb620c0289e7fe840e37c9a	/home/Jakob.Gerhardt/CLionProjects/Masterarbeit/llvm/runtime-specialization/benchmarks/reports/20260620_123550-uc-best-benchmark-failures/logs/068625a306199da28eb620c0289e7fe840e37c9a.log	BM_g:uc8_ivm;n:multi_agg_delta;a:low;s:MEDIUM;t:jit_overhead;/10000000/iterations:1/manual_time
pass	0	8ea319eb52d95594fe8d9cfd4404609fd2497d7f	/home/Jakob.Gerhardt/CLionProjects/Masterarbeit/llvm/runtime-specialization/benchmarks/reports/20260620_123550-uc-best-benchmark-failures/logs/8ea319eb52d95594fe8d9cfd4404609fd2497d7f.log	BM_g:uc8_ivm;n:multi_agg_delta;a:low;s:LARGE;t:jit_overhead;/30000000/iterations:1/manual_time
pass	0	cf0a006df8b3dd2e2db0564a3ac893dd62167e8a	/home/Jakob.Gerhardt/CLionProjects/Masterarbeit/llvm/runtime-specialization/benchmarks/reports/20260620_123550-uc-best-benchmark-failures/logs/cf0a006df8b3dd2e2db0564a3ac893dd62167e8a.log	BM_g:uc8_ivm;n:multi_agg_delta;a:low;s:EXTRALARGE;t:jit_overhead;/42000000/iterations:1/manual_time
pass	0	7ba424105e0558090e062488c9c712908820c39d	/home/Jakob.Gerhardt/CLionProjects/Masterarbeit/llvm/runtime-specialization/benchmarks/reports/20260620_123550-uc-best-benchmark-failures/logs/7ba424105e0558090e062488c9c712908820c39d.log	BM_g:uc8_ivm;n:multi_agg_delta;a:low;s:SMALL;t:specialized_exec;/1000000
pass	0	9b5c54f6d881be043a83bdfc83ef07a7f9644179	/home/Jakob.Gerhardt/CLionProjects/Masterarbeit/llvm/runtime-specialization/benchmarks/reports/20260620_123550-uc-best-benchmark-failures/logs/9b5c54f6d881be043a83bdfc83ef07a7f9644179.log	BM_g:uc8_ivm;n:multi_agg_delta;a:low;s:MEDIUM;t:specialized_exec;/10000000
pass	0	1e5c32fdf2943dc71d8e0251f891104a01772d65	/home/Jakob.Gerhardt/CLionProjects/Masterarbeit/llvm/runtime-specialization/benchmarks/reports/20260620_123550-uc-best-benchmark-failures/logs/1e5c32fdf2943dc71d8e0251f891104a01772d65.log	BM_g:uc8_ivm;n:multi_agg_delta;a:low;s:LARGE;t:specialized_exec;/30000000
pass	0	0cbb650de16acb9724dfd2f8dfaaf9dabd9c3c05	/home/Jakob.Gerhardt/CLionProjects/Masterarbeit/llvm/runtime-specialization/benchmarks/reports/20260620_123550-uc-best-benchmark-failures/logs/0cbb650de16acb9724dfd2f8dfaaf9dabd9c3c05.log	BM_g:uc8_ivm;n:multi_agg_delta;a:low;s:EXTRALARGE;t:specialized_exec;/42000000
pass	0	a973c8208a8861d7784afe1d0eeac78c5e490220	/home/Jakob.Gerhardt/CLionProjects/Masterarbeit/llvm/runtime-specialization/benchmarks/reports/20260620_123550-uc-best-benchmark-failures/logs/a973c8208a8861d7784afe1d0eeac78c5e490220.log	BM_g:uc8_ivm;n:multi_agg_delta;a:tradeoff;s:SMALL;t:unspecialized;/1000000
pass	0	a0e2108006ecdf9693657975b2f2a2a5cb3af864	/home/Jakob.Gerhardt/CLionProjects/Masterarbeit/llvm/runtime-specialization/benchmarks/reports/20260620_123550-uc-best-benchmark-failures/logs/a0e2108006ecdf9693657975b2f2a2a5cb3af864.log	BM_g:uc8_ivm;n:multi_agg_delta;a:tradeoff;s:MEDIUM;t:unspecialized;/10000000
pass	0	20a86442b30223d3277714eecd740afdaffeb261	/home/Jakob.Gerhardt/CLionProjects/Masterarbeit/llvm/runtime-specialization/benchmarks/reports/20260620_123550-uc-best-benchmark-failures/logs/20a86442b30223d3277714eecd740afdaffeb261.log	BM_g:uc8_ivm;n:multi_agg_delta;a:tradeoff;s:LARGE;t:unspecialized;/30000000
pass	0	47efed023ade01f7efc1506c1bf019aac99988ad	/home/Jakob.Gerhardt/CLionProjects/Masterarbeit/llvm/runtime-specialization/benchmarks/reports/20260620_123550-uc-best-benchmark-failures/logs/47efed023ade01f7efc1506c1bf019aac99988ad.log	BM_g:uc8_ivm;n:multi_agg_delta;a:tradeoff;s:EXTRALARGE;t:unspecialized;/42000000
pass	0	6f571a654f5474ca001b0330985f15522f1297ae	/home/Jakob.Gerhardt/CLionProjects/Masterarbeit/llvm/runtime-specialization/benchmarks/reports/20260620_123550-uc-best-benchmark-failures/logs/6f571a654f5474ca001b0330985f15522f1297ae.log	BM_g:uc8_ivm;n:multi_agg_delta;a:tradeoff;s:SMALL;t:jit_overhead;/1000000/iterations:1/manual_time
pass	0	8730d30efac0f4381a38c424d6a76e5c14390fe9	/home/Jakob.Gerhardt/CLionProjects/Masterarbeit/llvm/runtime-specialization/benchmarks/reports/20260620_123550-uc-best-benchmark-failures/logs/8730d30efac0f4381a38c424d6a76e5c14390fe9.log	BM_g:uc8_ivm;n:multi_agg_delta;a:tradeoff;s:MEDIUM;t:jit_overhead;/10000000/iterations:1/manual_time
pass	0	70dd593def113aea800c6c03c50b5e2175b70839	/home/Jakob.Gerhardt/CLionProjects/Masterarbeit/llvm/runtime-specialization/benchmarks/reports/20260620_123550-uc-best-benchmark-failures/logs/70dd593def113aea800c6c03c50b5e2175b70839.log	BM_g:uc8_ivm;n:multi_agg_delta;a:tradeoff;s:LARGE;t:jit_overhead;/30000000/iterations:1/manual_time
pass	0	265cb76424c223fc6ee5236d25568f1f4e1ae25a	/home/Jakob.Gerhardt/CLionProjects/Masterarbeit/llvm/runtime-specialization/benchmarks/reports/20260620_123550-uc-best-benchmark-failures/logs/265cb76424c223fc6ee5236d25568f1f4e1ae25a.log	BM_g:uc8_ivm;n:multi_agg_delta;a:tradeoff;s:EXTRALARGE;t:jit_overhead;/42000000/iterations:1/manual_time
pass	0	4a0ee6c4a39e6a3d5caf3bf0c9a2cbf60a0c2bef	/home/Jakob.Gerhardt/CLionProjects/Masterarbeit/llvm/runtime-specialization/benchmarks/reports/20260620_123550-uc-best-benchmark-failures/logs/4a0ee6c4a39e6a3d5caf3bf0c9a2cbf60a0c2bef.log	BM_g:uc8_ivm;n:multi_agg_delta;a:tradeoff;s:SMALL;t:specialized_exec;/1000000
pass	0	9ca7e4bf47128a65c09be3210d92bf94ca74d763	/home/Jakob.Gerhardt/CLionProjects/Masterarbeit/llvm/runtime-specialization/benchmarks/reports/20260620_123550-uc-best-benchmark-failures/logs/9ca7e4bf47128a65c09be3210d92bf94ca74d763.log	BM_g:uc8_ivm;n:multi_agg_delta;a:tradeoff;s:MEDIUM;t:specialized_exec;/10000000
pass	0	7928f5058ebdec1c657ab658e5a3e239a563239f	/home/Jakob.Gerhardt/CLionProjects/Masterarbeit/llvm/runtime-specialization/benchmarks/reports/20260620_123550-uc-best-benchmark-failures/logs/7928f5058ebdec1c657ab658e5a3e239a563239f.log	BM_g:uc8_ivm;n:multi_agg_delta;a:tradeoff;s:LARGE;t:specialized_exec;/30000000
pass	0	2bce9a0148ad36d3019967fb680349579d4657ec	/home/Jakob.Gerhardt/CLionProjects/Masterarbeit/llvm/runtime-specialization/benchmarks/reports/20260620_123550-uc-best-benchmark-failures/logs/2bce9a0148ad36d3019967fb680349579d4657ec.log	BM_g:uc8_ivm;n:multi_agg_delta;a:tradeoff;s:EXTRALARGE;t:specialized_exec;/42000000
pass	0	383c540d181aed258be6b95c1fc91459d5fc7979	/home/Jakob.Gerhardt/CLionProjects/Masterarbeit/llvm/runtime-specialization/benchmarks/reports/20260620_123550-uc-best-benchmark-failures/logs/383c540d181aed258be6b95c1fc91459d5fc7979.log	BM_g:uc8_ivm;n:multi_agg_delta;a:abstract;s:SMALL;t:unspecialized;/1000000
pass	0	bae317810b8e6e7b0b0682a1eca3507043ba8370	/home/Jakob.Gerhardt/CLionProjects/Masterarbeit/llvm/runtime-specialization/benchmarks/reports/20260620_123550-uc-best-benchmark-failures/logs/bae317810b8e6e7b0b0682a1eca3507043ba8370.log	BM_g:uc8_ivm;n:multi_agg_delta;a:abstract;s:MEDIUM;t:unspecialized;/10000000
pass	0	b71e933628c0920205410416b7ffe49f266fb0b0	/home/Jakob.Gerhardt/CLionProjects/Masterarbeit/llvm/runtime-specialization/benchmarks/reports/20260620_123550-uc-best-benchmark-failures/logs/b71e933628c0920205410416b7ffe49f266fb0b0.log	BM_g:uc8_ivm;n:multi_agg_delta;a:abstract;s:LARGE;t:unspecialized;/30000000
pass	0	90f0f1954ef3be92d0acb821b627a1625f3a8391	/home/Jakob.Gerhardt/CLionProjects/Masterarbeit/llvm/runtime-specialization/benchmarks/reports/20260620_123550-uc-best-benchmark-failures/logs/90f0f1954ef3be92d0acb821b627a1625f3a8391.log	BM_g:uc8_ivm;n:multi_agg_delta;a:abstract;s:EXTRALARGE;t:unspecialized;/42000000
pass	0	7687e7a72ef09fcaad69fd252d406adb6e5a6687	/home/Jakob.Gerhardt/CLionProjects/Masterarbeit/llvm/runtime-specialization/benchmarks/reports/20260620_123550-uc-best-benchmark-failures/logs/7687e7a72ef09fcaad69fd252d406adb6e5a6687.log	BM_g:uc8_ivm;n:multi_agg_delta;a:abstract;s:SMALL;t:jit_overhead;/1000000/iterations:1/manual_time
pass	0	750f237f6d93e5386380250426a7fbcd8c1e2634	/home/Jakob.Gerhardt/CLionProjects/Masterarbeit/llvm/runtime-specialization/benchmarks/reports/20260620_123550-uc-best-benchmark-failures/logs/750f237f6d93e5386380250426a7fbcd8c1e2634.log	BM_g:uc8_ivm;n:multi_agg_delta;a:abstract;s:MEDIUM;t:jit_overhead;/10000000/iterations:1/manual_time
pass	0	9eeab87480437207469070e7f3094674686a0121	/home/Jakob.Gerhardt/CLionProjects/Masterarbeit/llvm/runtime-specialization/benchmarks/reports/20260620_123550-uc-best-benchmark-failures/logs/9eeab87480437207469070e7f3094674686a0121.log	BM_g:uc8_ivm;n:multi_agg_delta;a:abstract;s:LARGE;t:jit_overhead;/30000000/iterations:1/manual_time
pass	0	239271c9beb505a54569025e2ffbe38f7304ac12	/home/Jakob.Gerhardt/CLionProjects/Masterarbeit/llvm/runtime-specialization/benchmarks/reports/20260620_123550-uc-best-benchmark-failures/logs/239271c9beb505a54569025e2ffbe38f7304ac12.log	BM_g:uc8_ivm;n:multi_agg_delta;a:abstract;s:EXTRALARGE;t:jit_overhead;/42000000/iterations:1/manual_time
pass	0	a42065c829d0918a1f57ee8a1ca4cfec8d03050f	/home/Jakob.Gerhardt/CLionProjects/Masterarbeit/llvm/runtime-specialization/benchmarks/reports/20260620_123550-uc-best-benchmark-failures/logs/a42065c829d0918a1f57ee8a1ca4cfec8d03050f.log	BM_g:uc8_ivm;n:multi_agg_delta;a:abstract;s:SMALL;t:specialized_exec;/1000000
pass	0	ab2691f063230749daf82b378a55762a58b33edb	/home/Jakob.Gerhardt/CLionProjects/Masterarbeit/llvm/runtime-specialization/benchmarks/reports/20260620_123550-uc-best-benchmark-failures/logs/ab2691f063230749daf82b378a55762a58b33edb.log	BM_g:uc8_ivm;n:multi_agg_delta;a:abstract;s:MEDIUM;t:specialized_exec;/10000000
pass	0	4bad9b7ef1a2a53ed12f3771eaf3567614b18658	/home/Jakob.Gerhardt/CLionProjects/Masterarbeit/llvm/runtime-specialization/benchmarks/reports/20260620_123550-uc-best-benchmark-failures/logs/4bad9b7ef1a2a53ed12f3771eaf3567614b18658.log	BM_g:uc8_ivm;n:multi_agg_delta;a:abstract;s:LARGE;t:specialized_exec;/30000000
pass	0	bf08409bea84185b77e36aeb8ffdca897710c46d	/home/Jakob.Gerhardt/CLionProjects/Masterarbeit/llvm/runtime-specialization/benchmarks/reports/20260620_123550-uc-best-benchmark-failures/logs/bf08409bea84185b77e36aeb8ffdca897710c46d.log	BM_g:uc8_ivm;n:multi_agg_delta;a:abstract;s:EXTRALARGE;t:specialized_exec;/42000000
pass	0	a206e2f5ea546d5310dec706235439e2580bd32a	/home/Jakob.Gerhardt/CLionProjects/Masterarbeit/llvm/runtime-specialization/benchmarks/reports/20260620_123550-uc-best-benchmark-failures/logs/a206e2f5ea546d5310dec706235439e2580bd32a.log	BM_g:uc8_ivm;n:batch_delta;a:low;s:SMALL;t:unspecialized;/1000000
pass	0	5c1ac7096f2a9e45b14ddaa056bf8376fac8e4d0	/home/Jakob.Gerhardt/CLionProjects/Masterarbeit/llvm/runtime-specialization/benchmarks/reports/20260620_123550-uc-best-benchmark-failures/logs/5c1ac7096f2a9e45b14ddaa056bf8376fac8e4d0.log	BM_g:uc8_ivm;n:batch_delta;a:low;s:MEDIUM;t:unspecialized;/10000000
pass	0	0316cc9d2550b7d4fcc19c307b00d439eb329840	/home/Jakob.Gerhardt/CLionProjects/Masterarbeit/llvm/runtime-specialization/benchmarks/reports/20260620_123550-uc-best-benchmark-failures/logs/0316cc9d2550b7d4fcc19c307b00d439eb329840.log	BM_g:uc8_ivm;n:batch_delta;a:low;s:LARGE;t:unspecialized;/30000000
pass	0	9d215435f5d8509849e3ddebb81c80454a4427d7	/home/Jakob.Gerhardt/CLionProjects/Masterarbeit/llvm/runtime-specialization/benchmarks/reports/20260620_123550-uc-best-benchmark-failures/logs/9d215435f5d8509849e3ddebb81c80454a4427d7.log	BM_g:uc8_ivm;n:batch_delta;a:low;s:EXTRALARGE;t:unspecialized;/42000000
pass	0	e1588ef054e0ca8f2c7d78af57ddbb65127a2b66	/home/Jakob.Gerhardt/CLionProjects/Masterarbeit/llvm/runtime-specialization/benchmarks/reports/20260620_123550-uc-best-benchmark-failures/logs/e1588ef054e0ca8f2c7d78af57ddbb65127a2b66.log	BM_g:uc8_ivm;n:batch_delta;a:low;s:SMALL;t:jit_overhead;/1000000/iterations:1/manual_time
pass	0	5d7dc8d4d17a96f51975cb48d3b05f33fc855f02	/home/Jakob.Gerhardt/CLionProjects/Masterarbeit/llvm/runtime-specialization/benchmarks/reports/20260620_123550-uc-best-benchmark-failures/logs/5d7dc8d4d17a96f51975cb48d3b05f33fc855f02.log	BM_g:uc8_ivm;n:batch_delta;a:low;s:MEDIUM;t:jit_overhead;/10000000/iterations:1/manual_time
pass	0	1edf8b26063471b8178869bb02e44750db121259	/home/Jakob.Gerhardt/CLionProjects/Masterarbeit/llvm/runtime-specialization/benchmarks/reports/20260620_123550-uc-best-benchmark-failures/logs/1edf8b26063471b8178869bb02e44750db121259.log	BM_g:uc8_ivm;n:batch_delta;a:low;s:LARGE;t:jit_overhead;/30000000/iterations:1/manual_time
pass	0	f521a62ad5c49805f452c1cee14eac382b1cc976	/home/Jakob.Gerhardt/CLionProjects/Masterarbeit/llvm/runtime-specialization/benchmarks/reports/20260620_123550-uc-best-benchmark-failures/logs/f521a62ad5c49805f452c1cee14eac382b1cc976.log	BM_g:uc8_ivm;n:batch_delta;a:low;s:EXTRALARGE;t:jit_overhead;/42000000/iterations:1/manual_time
pass	0	0584e213b163a8d6261ac7631794c1fd2b94e5aa	/home/Jakob.Gerhardt/CLionProjects/Masterarbeit/llvm/runtime-specialization/benchmarks/reports/20260620_123550-uc-best-benchmark-failures/logs/0584e213b163a8d6261ac7631794c1fd2b94e5aa.log	BM_g:uc8_ivm;n:batch_delta;a:low;s:SMALL;t:specialized_exec;/1000000
pass	0	01024a17a6948028c2628f9611f4da68db2982f9	/home/Jakob.Gerhardt/CLionProjects/Masterarbeit/llvm/runtime-specialization/benchmarks/reports/20260620_123550-uc-best-benchmark-failures/logs/01024a17a6948028c2628f9611f4da68db2982f9.log	BM_g:uc8_ivm;n:batch_delta;a:low;s:MEDIUM;t:specialized_exec;/10000000
pass	0	a10d35d680c4eb2707d4bcd06b6a6fc2b8cb047d	/home/Jakob.Gerhardt/CLionProjects/Masterarbeit/llvm/runtime-specialization/benchmarks/reports/20260620_123550-uc-best-benchmark-failures/logs/a10d35d680c4eb2707d4bcd06b6a6fc2b8cb047d.log	BM_g:uc8_ivm;n:batch_delta;a:low;s:LARGE;t:specialized_exec;/30000000
pass	0	d3f100732dc9a51f0b2d062f1cfe001d3d6b274b	/home/Jakob.Gerhardt/CLionProjects/Masterarbeit/llvm/runtime-specialization/benchmarks/reports/20260620_123550-uc-best-benchmark-failures/logs/d3f100732dc9a51f0b2d062f1cfe001d3d6b274b.log	BM_g:uc8_ivm;n:batch_delta;a:low;s:EXTRALARGE;t:specialized_exec;/42000000
pass	0	628efbbd183c1018e09852376f5cc4322de794a1	/home/Jakob.Gerhardt/CLionProjects/Masterarbeit/llvm/runtime-specialization/benchmarks/reports/20260620_123550-uc-best-benchmark-failures/logs/628efbbd183c1018e09852376f5cc4322de794a1.log	BM_g:uc8_ivm;n:batch_delta;a:tradeoff;s:SMALL;t:unspecialized;/1000000
pass	0	5baef51b3b12c3926353b55d641a7ebfb7f09a5f	/home/Jakob.Gerhardt/CLionProjects/Masterarbeit/llvm/runtime-specialization/benchmarks/reports/20260620_123550-uc-best-benchmark-failures/logs/5baef51b3b12c3926353b55d641a7ebfb7f09a5f.log	BM_g:uc8_ivm;n:batch_delta;a:tradeoff;s:MEDIUM;t:unspecialized;/10000000
pass	0	232387fe91ed1ad9fa1d22c98391d23310f373ba	/home/Jakob.Gerhardt/CLionProjects/Masterarbeit/llvm/runtime-specialization/benchmarks/reports/20260620_123550-uc-best-benchmark-failures/logs/232387fe91ed1ad9fa1d22c98391d23310f373ba.log	BM_g:uc8_ivm;n:batch_delta;a:tradeoff;s:LARGE;t:unspecialized;/30000000
pass	0	7cfea88f213a9d41622b1c784bb736a529a35aa3	/home/Jakob.Gerhardt/CLionProjects/Masterarbeit/llvm/runtime-specialization/benchmarks/reports/20260620_123550-uc-best-benchmark-failures/logs/7cfea88f213a9d41622b1c784bb736a529a35aa3.log	BM_g:uc8_ivm;n:batch_delta;a:tradeoff;s:EXTRALARGE;t:unspecialized;/42000000
pass	0	44303d23969f0fd92e05fcf3dfdd5bbbc81dce6d	/home/Jakob.Gerhardt/CLionProjects/Masterarbeit/llvm/runtime-specialization/benchmarks/reports/20260620_123550-uc-best-benchmark-failures/logs/44303d23969f0fd92e05fcf3dfdd5bbbc81dce6d.log	BM_g:uc8_ivm;n:batch_delta;a:tradeoff;s:SMALL;t:jit_overhead;/1000000/iterations:1/manual_time
pass	0	3ae30d044631852a4608b77a6df1752b2fe7a5ca	/home/Jakob.Gerhardt/CLionProjects/Masterarbeit/llvm/runtime-specialization/benchmarks/reports/20260620_123550-uc-best-benchmark-failures/logs/3ae30d044631852a4608b77a6df1752b2fe7a5ca.log	BM_g:uc8_ivm;n:batch_delta;a:tradeoff;s:MEDIUM;t:jit_overhead;/10000000/iterations:1/manual_time
pass	0	106bfdae7c8176956661322c37a90f31f62af6b3	/home/Jakob.Gerhardt/CLionProjects/Masterarbeit/llvm/runtime-specialization/benchmarks/reports/20260620_123550-uc-best-benchmark-failures/logs/106bfdae7c8176956661322c37a90f31f62af6b3.log	BM_g:uc8_ivm;n:batch_delta;a:tradeoff;s:LARGE;t:jit_overhead;/30000000/iterations:1/manual_time
pass	0	d30cead946d73d569822f34b5e23b494d7111d5c	/home/Jakob.Gerhardt/CLionProjects/Masterarbeit/llvm/runtime-specialization/benchmarks/reports/20260620_123550-uc-best-benchmark-failures/logs/d30cead946d73d569822f34b5e23b494d7111d5c.log	BM_g:uc8_ivm;n:batch_delta;a:tradeoff;s:EXTRALARGE;t:jit_overhead;/42000000/iterations:1/manual_time
pass	0	a0917bd0b890bd91f4af44ad0864c441ef83669e	/home/Jakob.Gerhardt/CLionProjects/Masterarbeit/llvm/runtime-specialization/benchmarks/reports/20260620_123550-uc-best-benchmark-failures/logs/a0917bd0b890bd91f4af44ad0864c441ef83669e.log	BM_g:uc8_ivm;n:batch_delta;a:tradeoff;s:SMALL;t:specialized_exec;/1000000
pass	0	0be90d5fdd15c00ea2b2b4efcdf1e3e66f175561	/home/Jakob.Gerhardt/CLionProjects/Masterarbeit/llvm/runtime-specialization/benchmarks/reports/20260620_123550-uc-best-benchmark-failures/logs/0be90d5fdd15c00ea2b2b4efcdf1e3e66f175561.log	BM_g:uc8_ivm;n:batch_delta;a:tradeoff;s:MEDIUM;t:specialized_exec;/10000000
pass	0	1081158af0c9d65f73eb047cfb8159ed6c963312	/home/Jakob.Gerhardt/CLionProjects/Masterarbeit/llvm/runtime-specialization/benchmarks/reports/20260620_123550-uc-best-benchmark-failures/logs/1081158af0c9d65f73eb047cfb8159ed6c963312.log	BM_g:uc8_ivm;n:batch_delta;a:tradeoff;s:LARGE;t:specialized_exec;/30000000
pass	0	3f170bc9beaa3f469de4ec1ad0c7ecdec0283c66	/home/Jakob.Gerhardt/CLionProjects/Masterarbeit/llvm/runtime-specialization/benchmarks/reports/20260620_123550-uc-best-benchmark-failures/logs/3f170bc9beaa3f469de4ec1ad0c7ecdec0283c66.log	BM_g:uc8_ivm;n:batch_delta;a:tradeoff;s:EXTRALARGE;t:specialized_exec;/42000000
pass	0	2bf15e0dbba0715ab6c81c28d0a5d2d408366ba3	/home/Jakob.Gerhardt/CLionProjects/Masterarbeit/llvm/runtime-specialization/benchmarks/reports/20260620_123550-uc-best-benchmark-failures/logs/2bf15e0dbba0715ab6c81c28d0a5d2d408366ba3.log	BM_g:uc8_ivm;n:batch_delta;a:abstract;s:SMALL;t:unspecialized;/1000000
pass	0	30b7c824ed8b49dab91735d56241aec9e755093e	/home/Jakob.Gerhardt/CLionProjects/Masterarbeit/llvm/runtime-specialization/benchmarks/reports/20260620_123550-uc-best-benchmark-failures/logs/30b7c824ed8b49dab91735d56241aec9e755093e.log	BM_g:uc8_ivm;n:batch_delta;a:abstract;s:MEDIUM;t:unspecialized;/10000000
pass	0	0c8598facb9cc62fdf8a7aa7711a46be69a00655	/home/Jakob.Gerhardt/CLionProjects/Masterarbeit/llvm/runtime-specialization/benchmarks/reports/20260620_123550-uc-best-benchmark-failures/logs/0c8598facb9cc62fdf8a7aa7711a46be69a00655.log	BM_g:uc8_ivm;n:batch_delta;a:abstract;s:LARGE;t:unspecialized;/30000000
pass	0	7b8cf7d0640dad78dc1705e98093702d821c0a72	/home/Jakob.Gerhardt/CLionProjects/Masterarbeit/llvm/runtime-specialization/benchmarks/reports/20260620_123550-uc-best-benchmark-failures/logs/7b8cf7d0640dad78dc1705e98093702d821c0a72.log	BM_g:uc8_ivm;n:batch_delta;a:abstract;s:EXTRALARGE;t:unspecialized;/42000000
pass	0	2fe109c771b7b4ff7d6180f967179d66ff1a5a1f	/home/Jakob.Gerhardt/CLionProjects/Masterarbeit/llvm/runtime-specialization/benchmarks/reports/20260620_123550-uc-best-benchmark-failures/logs/2fe109c771b7b4ff7d6180f967179d66ff1a5a1f.log	BM_g:uc8_ivm;n:batch_delta;a:abstract;s:SMALL;t:jit_overhead;/1000000/iterations:1/manual_time
pass	0	21f37768ba9ce862d0c728b7efddfc451cc3b3a2	/home/Jakob.Gerhardt/CLionProjects/Masterarbeit/llvm/runtime-specialization/benchmarks/reports/20260620_123550-uc-best-benchmark-failures/logs/21f37768ba9ce862d0c728b7efddfc451cc3b3a2.log	BM_g:uc8_ivm;n:batch_delta;a:abstract;s:MEDIUM;t:jit_overhead;/10000000/iterations:1/manual_time
pass	0	cde6b70c1bf49aceb0d9c5d7641ecd39f7f60596	/home/Jakob.Gerhardt/CLionProjects/Masterarbeit/llvm/runtime-specialization/benchmarks/reports/20260620_123550-uc-best-benchmark-failures/logs/cde6b70c1bf49aceb0d9c5d7641ecd39f7f60596.log	BM_g:uc8_ivm;n:batch_delta;a:abstract;s:LARGE;t:jit_overhead;/30000000/iterations:1/manual_time
pass	0	d430cbc41ed79a88b43068ff78cfdb6ac0cd78ac	/home/Jakob.Gerhardt/CLionProjects/Masterarbeit/llvm/runtime-specialization/benchmarks/reports/20260620_123550-uc-best-benchmark-failures/logs/d430cbc41ed79a88b43068ff78cfdb6ac0cd78ac.log	BM_g:uc8_ivm;n:batch_delta;a:abstract;s:EXTRALARGE;t:jit_overhead;/42000000/iterations:1/manual_time
pass	0	9072b6c564ff0e12ac5f8850a94e8f7ae5f694e9	/home/Jakob.Gerhardt/CLionProjects/Masterarbeit/llvm/runtime-specialization/benchmarks/reports/20260620_123550-uc-best-benchmark-failures/logs/9072b6c564ff0e12ac5f8850a94e8f7ae5f694e9.log	BM_g:uc8_ivm;n:batch_delta;a:abstract;s:SMALL;t:specialized_exec;/1000000
pass	0	e72d2bfed25cc835cc591c1e424f72f94006d726	/home/Jakob.Gerhardt/CLionProjects/Masterarbeit/llvm/runtime-specialization/benchmarks/reports/20260620_123550-uc-best-benchmark-failures/logs/e72d2bfed25cc835cc591c1e424f72f94006d726.log	BM_g:uc8_ivm;n:batch_delta;a:abstract;s:MEDIUM;t:specialized_exec;/10000000
pass	0	1e4c3ec2b6a9e6cc355ff9e54b970d20a1c07bd0	/home/Jakob.Gerhardt/CLionProjects/Masterarbeit/llvm/runtime-specialization/benchmarks/reports/20260620_123550-uc-best-benchmark-failures/logs/1e4c3ec2b6a9e6cc355ff9e54b970d20a1c07bd0.log	BM_g:uc8_ivm;n:batch_delta;a:abstract;s:LARGE;t:specialized_exec;/30000000
pass	0	b949877d76ddf8cf5507b8ee966f286832383306	/home/Jakob.Gerhardt/CLionProjects/Masterarbeit/llvm/runtime-specialization/benchmarks/reports/20260620_123550-uc-best-benchmark-failures/logs/b949877d76ddf8cf5507b8ee966f286832383306.log	BM_g:uc8_ivm;n:batch_delta;a:abstract;s:EXTRALARGE;t:specialized_exec;/42000000
pass	0	4847c3b04c6a4c295f4101a34c958a42621f0c66	/home/Jakob.Gerhardt/CLionProjects/Masterarbeit/llvm/runtime-specialization/benchmarks/reports/20260620_123550-uc-best-benchmark-failures/logs/4847c3b04c6a4c295f4101a34c958a42621f0c66.log	BM_g:uc12_groupby;n:grouped_sum;a:low;s:SMALL;t:unspecialized;/1000000
pass	0	5c4fd7274468792193634cdb7697e4dbea3d08b3	/home/Jakob.Gerhardt/CLionProjects/Masterarbeit/llvm/runtime-specialization/benchmarks/reports/20260620_123550-uc-best-benchmark-failures/logs/5c4fd7274468792193634cdb7697e4dbea3d08b3.log	BM_g:uc12_groupby;n:grouped_sum;a:low;s:MEDIUM;t:unspecialized;/10000000
pass	0	8878817a51a8a123c0fcbfe99780addfa1cc97b0	/home/Jakob.Gerhardt/CLionProjects/Masterarbeit/llvm/runtime-specialization/benchmarks/reports/20260620_123550-uc-best-benchmark-failures/logs/8878817a51a8a123c0fcbfe99780addfa1cc97b0.log	BM_g:uc12_groupby;n:grouped_sum;a:low;s:LARGE;t:unspecialized;/30000000
pass	0	c30701f88870259af10125be9c2f97bb2d71e4fe	/home/Jakob.Gerhardt/CLionProjects/Masterarbeit/llvm/runtime-specialization/benchmarks/reports/20260620_123550-uc-best-benchmark-failures/logs/c30701f88870259af10125be9c2f97bb2d71e4fe.log	BM_g:uc12_groupby;n:grouped_sum;a:low;s:EXTRALARGE;t:unspecialized;/42000000
pass	0	14e6606df49363ab9863bc388b3de3d66dfa6944	/home/Jakob.Gerhardt/CLionProjects/Masterarbeit/llvm/runtime-specialization/benchmarks/reports/20260620_123550-uc-best-benchmark-failures/logs/14e6606df49363ab9863bc388b3de3d66dfa6944.log	BM_g:uc12_groupby;n:grouped_sum;a:low;s:SMALL;t:jit_overhead;/1000000/iterations:1/manual_time
pass	0	f23445e6655c2c1772db6ee73855e464ca7f9911	/home/Jakob.Gerhardt/CLionProjects/Masterarbeit/llvm/runtime-specialization/benchmarks/reports/20260620_123550-uc-best-benchmark-failures/logs/f23445e6655c2c1772db6ee73855e464ca7f9911.log	BM_g:uc12_groupby;n:grouped_sum;a:low;s:MEDIUM;t:jit_overhead;/10000000/iterations:1/manual_time
pass	0	82e35707968d67169a3e3223d63aaa1186ec7acc	/home/Jakob.Gerhardt/CLionProjects/Masterarbeit/llvm/runtime-specialization/benchmarks/reports/20260620_123550-uc-best-benchmark-failures/logs/82e35707968d67169a3e3223d63aaa1186ec7acc.log	BM_g:uc12_groupby;n:grouped_sum;a:low;s:LARGE;t:jit_overhead;/30000000/iterations:1/manual_time
pass	0	63b06ea1e07768d43d909cea2cd7918ad39afaa8	/home/Jakob.Gerhardt/CLionProjects/Masterarbeit/llvm/runtime-specialization/benchmarks/reports/20260620_123550-uc-best-benchmark-failures/logs/63b06ea1e07768d43d909cea2cd7918ad39afaa8.log	BM_g:uc12_groupby;n:grouped_sum;a:low;s:EXTRALARGE;t:jit_overhead;/42000000/iterations:1/manual_time
pass	0	7da90802c78955e1a60bbd039e09012051ecd32b	/home/Jakob.Gerhardt/CLionProjects/Masterarbeit/llvm/runtime-specialization/benchmarks/reports/20260620_123550-uc-best-benchmark-failures/logs/7da90802c78955e1a60bbd039e09012051ecd32b.log	BM_g:uc12_groupby;n:grouped_sum;a:low;s:SMALL;t:specialized_exec;/1000000
pass	0	d6c811adab09fbf0255e972193f9a3944abf5387	/home/Jakob.Gerhardt/CLionProjects/Masterarbeit/llvm/runtime-specialization/benchmarks/reports/20260620_123550-uc-best-benchmark-failures/logs/d6c811adab09fbf0255e972193f9a3944abf5387.log	BM_g:uc12_groupby;n:grouped_sum;a:low;s:MEDIUM;t:specialized_exec;/10000000
pass	0	5cbf1058b82bcff347914316242689753b483aae	/home/Jakob.Gerhardt/CLionProjects/Masterarbeit/llvm/runtime-specialization/benchmarks/reports/20260620_123550-uc-best-benchmark-failures/logs/5cbf1058b82bcff347914316242689753b483aae.log	BM_g:uc12_groupby;n:grouped_sum;a:low;s:LARGE;t:specialized_exec;/30000000
pass	0	67af1e1d9318562c6e10eb392b04ad0930428803	/home/Jakob.Gerhardt/CLionProjects/Masterarbeit/llvm/runtime-specialization/benchmarks/reports/20260620_123550-uc-best-benchmark-failures/logs/67af1e1d9318562c6e10eb392b04ad0930428803.log	BM_g:uc12_groupby;n:grouped_sum;a:low;s:EXTRALARGE;t:specialized_exec;/42000000
pass	0	8173521cfbd0850aa399b2c2bf7613c0e58dfd62	/home/Jakob.Gerhardt/CLionProjects/Masterarbeit/llvm/runtime-specialization/benchmarks/reports/20260620_123550-uc-best-benchmark-failures/logs/8173521cfbd0850aa399b2c2bf7613c0e58dfd62.log	BM_g:uc12_groupby;n:grouped_sum;a:tradeoff;s:SMALL;t:unspecialized;/1000000
pass	0	3b5048cb5bceb83540c172ea8b86ced1becea4b9	/home/Jakob.Gerhardt/CLionProjects/Masterarbeit/llvm/runtime-specialization/benchmarks/reports/20260620_123550-uc-best-benchmark-failures/logs/3b5048cb5bceb83540c172ea8b86ced1becea4b9.log	BM_g:uc12_groupby;n:grouped_sum;a:tradeoff;s:MEDIUM;t:unspecialized;/10000000
pass	0	be94a853b9a6183e2be6bb1760c412cffd62687e	/home/Jakob.Gerhardt/CLionProjects/Masterarbeit/llvm/runtime-specialization/benchmarks/reports/20260620_123550-uc-best-benchmark-failures/logs/be94a853b9a6183e2be6bb1760c412cffd62687e.log	BM_g:uc12_groupby;n:grouped_sum;a:tradeoff;s:LARGE;t:unspecialized;/30000000
pass	0	1d188c0f20263fe4ee76852145bd4db057a70111	/home/Jakob.Gerhardt/CLionProjects/Masterarbeit/llvm/runtime-specialization/benchmarks/reports/20260620_123550-uc-best-benchmark-failures/logs/1d188c0f20263fe4ee76852145bd4db057a70111.log	BM_g:uc12_groupby;n:grouped_sum;a:tradeoff;s:EXTRALARGE;t:unspecialized;/42000000
pass	0	7158fe47b6cb595b5ce339606fc320fd58d32e17	/home/Jakob.Gerhardt/CLionProjects/Masterarbeit/llvm/runtime-specialization/benchmarks/reports/20260620_123550-uc-best-benchmark-failures/logs/7158fe47b6cb595b5ce339606fc320fd58d32e17.log	BM_g:uc12_groupby;n:grouped_sum;a:tradeoff;s:SMALL;t:jit_overhead;/1000000/iterations:1/manual_time
pass	0	a8cf9c773ad3529f25d7b426a419932263fcd447	/home/Jakob.Gerhardt/CLionProjects/Masterarbeit/llvm/runtime-specialization/benchmarks/reports/20260620_123550-uc-best-benchmark-failures/logs/a8cf9c773ad3529f25d7b426a419932263fcd447.log	BM_g:uc12_groupby;n:grouped_sum;a:tradeoff;s:MEDIUM;t:jit_overhead;/10000000/iterations:1/manual_time
pass	0	ed09e572ea4369bad407ce8096bf6499c7808b83	/home/Jakob.Gerhardt/CLionProjects/Masterarbeit/llvm/runtime-specialization/benchmarks/reports/20260620_123550-uc-best-benchmark-failures/logs/ed09e572ea4369bad407ce8096bf6499c7808b83.log	BM_g:uc12_groupby;n:grouped_sum;a:tradeoff;s:LARGE;t:jit_overhead;/30000000/iterations:1/manual_time
pass	0	68d537513e7fe441270dca8ee2de402f9ab723dc	/home/Jakob.Gerhardt/CLionProjects/Masterarbeit/llvm/runtime-specialization/benchmarks/reports/20260620_123550-uc-best-benchmark-failures/logs/68d537513e7fe441270dca8ee2de402f9ab723dc.log	BM_g:uc12_groupby;n:grouped_sum;a:tradeoff;s:EXTRALARGE;t:jit_overhead;/42000000/iterations:1/manual_time
pass	0	ad1c76c2835c5b18e47462a1563c6cdd6a2c5542	/home/Jakob.Gerhardt/CLionProjects/Masterarbeit/llvm/runtime-specialization/benchmarks/reports/20260620_123550-uc-best-benchmark-failures/logs/ad1c76c2835c5b18e47462a1563c6cdd6a2c5542.log	BM_g:uc12_groupby;n:grouped_sum;a:tradeoff;s:SMALL;t:specialized_exec;/1000000
pass	0	712b3af5e7c5d91ae40e4e503d3757f03f6ae1b7	/home/Jakob.Gerhardt/CLionProjects/Masterarbeit/llvm/runtime-specialization/benchmarks/reports/20260620_123550-uc-best-benchmark-failures/logs/712b3af5e7c5d91ae40e4e503d3757f03f6ae1b7.log	BM_g:uc12_groupby;n:grouped_sum;a:tradeoff;s:MEDIUM;t:specialized_exec;/10000000
pass	0	557b8c343e800bf6f18c7e7d597c707f9e799bc8	/home/Jakob.Gerhardt/CLionProjects/Masterarbeit/llvm/runtime-specialization/benchmarks/reports/20260620_123550-uc-best-benchmark-failures/logs/557b8c343e800bf6f18c7e7d597c707f9e799bc8.log	BM_g:uc12_groupby;n:grouped_sum;a:tradeoff;s:LARGE;t:specialized_exec;/30000000
pass	0	cdda98d27ccc6f5195bd28351670de94b005ebfd	/home/Jakob.Gerhardt/CLionProjects/Masterarbeit/llvm/runtime-specialization/benchmarks/reports/20260620_123550-uc-best-benchmark-failures/logs/cdda98d27ccc6f5195bd28351670de94b005ebfd.log	BM_g:uc12_groupby;n:grouped_sum;a:tradeoff;s:EXTRALARGE;t:specialized_exec;/42000000
pass	0	0be2092732518f3470453945e602fecae048d254	/home/Jakob.Gerhardt/CLionProjects/Masterarbeit/llvm/runtime-specialization/benchmarks/reports/20260620_123550-uc-best-benchmark-failures/logs/0be2092732518f3470453945e602fecae048d254.log	BM_g:uc12_groupby;n:grouped_sum;a:abstract;s:SMALL;t:unspecialized;/1000000
pass	0	44c9c5a13bdb46a029eecf5b2bf7754dd7e038b7	/home/Jakob.Gerhardt/CLionProjects/Masterarbeit/llvm/runtime-specialization/benchmarks/reports/20260620_123550-uc-best-benchmark-failures/logs/44c9c5a13bdb46a029eecf5b2bf7754dd7e038b7.log	BM_g:uc12_groupby;n:grouped_sum;a:abstract;s:MEDIUM;t:unspecialized;/10000000
pass	0	ebd4eacbf3cc366819874d6c77daf356c1f5f4e4	/home/Jakob.Gerhardt/CLionProjects/Masterarbeit/llvm/runtime-specialization/benchmarks/reports/20260620_123550-uc-best-benchmark-failures/logs/ebd4eacbf3cc366819874d6c77daf356c1f5f4e4.log	BM_g:uc12_groupby;n:grouped_sum;a:abstract;s:LARGE;t:unspecialized;/30000000
pass	0	127d8d82e079c4ea8b577294af57f2582b863c7c	/home/Jakob.Gerhardt/CLionProjects/Masterarbeit/llvm/runtime-specialization/benchmarks/reports/20260620_123550-uc-best-benchmark-failures/logs/127d8d82e079c4ea8b577294af57f2582b863c7c.log	BM_g:uc12_groupby;n:grouped_sum;a:abstract;s:EXTRALARGE;t:unspecialized;/42000000
pass	0	6f00c6512d09399ca96dbafb27e9a84e874d6846	/home/Jakob.Gerhardt/CLionProjects/Masterarbeit/llvm/runtime-specialization/benchmarks/reports/20260620_123550-uc-best-benchmark-failures/logs/6f00c6512d09399ca96dbafb27e9a84e874d6846.log	BM_g:uc12_groupby;n:grouped_sum;a:abstract;s:SMALL;t:jit_overhead;/1000000/iterations:1/manual_time
pass	0	4763a84dc88f94ee85c6f3d691e150a3fe93ac69	/home/Jakob.Gerhardt/CLionProjects/Masterarbeit/llvm/runtime-specialization/benchmarks/reports/20260620_123550-uc-best-benchmark-failures/logs/4763a84dc88f94ee85c6f3d691e150a3fe93ac69.log	BM_g:uc12_groupby;n:grouped_sum;a:abstract;s:MEDIUM;t:jit_overhead;/10000000/iterations:1/manual_time
pass	0	2ae6b508f2441edd2e2729bc2fb5d939f70cb698	/home/Jakob.Gerhardt/CLionProjects/Masterarbeit/llvm/runtime-specialization/benchmarks/reports/20260620_123550-uc-best-benchmark-failures/logs/2ae6b508f2441edd2e2729bc2fb5d939f70cb698.log	BM_g:uc12_groupby;n:grouped_sum;a:abstract;s:LARGE;t:jit_overhead;/30000000/iterations:1/manual_time
pass	0	6b250b3cd78205de482df0cfa729bff4527e5148	/home/Jakob.Gerhardt/CLionProjects/Masterarbeit/llvm/runtime-specialization/benchmarks/reports/20260620_123550-uc-best-benchmark-failures/logs/6b250b3cd78205de482df0cfa729bff4527e5148.log	BM_g:uc12_groupby;n:grouped_sum;a:abstract;s:EXTRALARGE;t:jit_overhead;/42000000/iterations:1/manual_time
pass	0	ff8c9f1a76f11ed71eff2c8ad7000bfdc1018a35	/home/Jakob.Gerhardt/CLionProjects/Masterarbeit/llvm/runtime-specialization/benchmarks/reports/20260620_123550-uc-best-benchmark-failures/logs/ff8c9f1a76f11ed71eff2c8ad7000bfdc1018a35.log	BM_g:uc12_groupby;n:grouped_sum;a:abstract;s:SMALL;t:specialized_exec;/1000000
pass	0	d07f080725ad09fc583c997095b0a7398a31ddd7	/home/Jakob.Gerhardt/CLionProjects/Masterarbeit/llvm/runtime-specialization/benchmarks/reports/20260620_123550-uc-best-benchmark-failures/logs/d07f080725ad09fc583c997095b0a7398a31ddd7.log	BM_g:uc12_groupby;n:grouped_sum;a:abstract;s:MEDIUM;t:specialized_exec;/10000000
pass	0	e05b1eb22b96e7317c3d21ccd3a64a3851b39ab4	/home/Jakob.Gerhardt/CLionProjects/Masterarbeit/llvm/runtime-specialization/benchmarks/reports/20260620_123550-uc-best-benchmark-failures/logs/e05b1eb22b96e7317c3d21ccd3a64a3851b39ab4.log	BM_g:uc12_groupby;n:grouped_sum;a:abstract;s:LARGE;t:specialized_exec;/30000000
pass	0	b9c6568db7c173a0741088a33ca04a80fc7b79ed	/home/Jakob.Gerhardt/CLionProjects/Masterarbeit/llvm/runtime-specialization/benchmarks/reports/20260620_123550-uc-best-benchmark-failures/logs/b9c6568db7c173a0741088a33ca04a80fc7b79ed.log	BM_g:uc12_groupby;n:grouped_sum;a:abstract;s:EXTRALARGE;t:specialized_exec;/42000000
pass	0	df89e450eac34c51875faa9ed67fc9f04dd82df7	/home/Jakob.Gerhardt/CLionProjects/Masterarbeit/llvm/runtime-specialization/benchmarks/reports/20260620_123550-uc-best-benchmark-failures/logs/df89e450eac34c51875faa9ed67fc9f04dd82df7.log	BM_g:uc12_groupby;n:grouped_count;a:low;s:SMALL;t:unspecialized;/1000000
pass	0	5406ae596a7b8b0dcff5e863720b8b24dc7be291	/home/Jakob.Gerhardt/CLionProjects/Masterarbeit/llvm/runtime-specialization/benchmarks/reports/20260620_123550-uc-best-benchmark-failures/logs/5406ae596a7b8b0dcff5e863720b8b24dc7be291.log	BM_g:uc12_groupby;n:grouped_count;a:low;s:MEDIUM;t:unspecialized;/10000000
pass	0	5d4ec29a8044a9eeb0c989be84aecf4e34b24517	/home/Jakob.Gerhardt/CLionProjects/Masterarbeit/llvm/runtime-specialization/benchmarks/reports/20260620_123550-uc-best-benchmark-failures/logs/5d4ec29a8044a9eeb0c989be84aecf4e34b24517.log	BM_g:uc12_groupby;n:grouped_count;a:low;s:LARGE;t:unspecialized;/30000000
pass	0	7bde066870d7f996e75ccce7ded82ad25065fcf1	/home/Jakob.Gerhardt/CLionProjects/Masterarbeit/llvm/runtime-specialization/benchmarks/reports/20260620_123550-uc-best-benchmark-failures/logs/7bde066870d7f996e75ccce7ded82ad25065fcf1.log	BM_g:uc12_groupby;n:grouped_count;a:low;s:EXTRALARGE;t:unspecialized;/42000000
pass	0	9b71c6540ad70f48ed08aa1b59a4742bbdaebe5b	/home/Jakob.Gerhardt/CLionProjects/Masterarbeit/llvm/runtime-specialization/benchmarks/reports/20260620_123550-uc-best-benchmark-failures/logs/9b71c6540ad70f48ed08aa1b59a4742bbdaebe5b.log	BM_g:uc12_groupby;n:grouped_count;a:low;s:SMALL;t:jit_overhead;/1000000/iterations:1/manual_time
pass	0	409da28135073af972fd927831dc0efd63f22b7c	/home/Jakob.Gerhardt/CLionProjects/Masterarbeit/llvm/runtime-specialization/benchmarks/reports/20260620_123550-uc-best-benchmark-failures/logs/409da28135073af972fd927831dc0efd63f22b7c.log	BM_g:uc12_groupby;n:grouped_count;a:low;s:MEDIUM;t:jit_overhead;/10000000/iterations:1/manual_time
pass	0	b6355ad7d231b91308e4ebc0ac2b9e1610d6ce5a	/home/Jakob.Gerhardt/CLionProjects/Masterarbeit/llvm/runtime-specialization/benchmarks/reports/20260620_123550-uc-best-benchmark-failures/logs/b6355ad7d231b91308e4ebc0ac2b9e1610d6ce5a.log	BM_g:uc12_groupby;n:grouped_count;a:low;s:LARGE;t:jit_overhead;/30000000/iterations:1/manual_time
pass	0	ddcf70b05016c1547fcf921eb57941ccc36ec562	/home/Jakob.Gerhardt/CLionProjects/Masterarbeit/llvm/runtime-specialization/benchmarks/reports/20260620_123550-uc-best-benchmark-failures/logs/ddcf70b05016c1547fcf921eb57941ccc36ec562.log	BM_g:uc12_groupby;n:grouped_count;a:low;s:EXTRALARGE;t:jit_overhead;/42000000/iterations:1/manual_time
pass	0	076c8705cfeaa779b4e8b5e1545d20990fce9ea3	/home/Jakob.Gerhardt/CLionProjects/Masterarbeit/llvm/runtime-specialization/benchmarks/reports/20260620_123550-uc-best-benchmark-failures/logs/076c8705cfeaa779b4e8b5e1545d20990fce9ea3.log	BM_g:uc12_groupby;n:grouped_count;a:low;s:SMALL;t:specialized_exec;/1000000
pass	0	87aa98dc0c500020c5726cba0e970ee5444a5d17	/home/Jakob.Gerhardt/CLionProjects/Masterarbeit/llvm/runtime-specialization/benchmarks/reports/20260620_123550-uc-best-benchmark-failures/logs/87aa98dc0c500020c5726cba0e970ee5444a5d17.log	BM_g:uc12_groupby;n:grouped_count;a:low;s:MEDIUM;t:specialized_exec;/10000000
pass	0	f66022e430808d6fc78a09640703d8b0593bc022	/home/Jakob.Gerhardt/CLionProjects/Masterarbeit/llvm/runtime-specialization/benchmarks/reports/20260620_123550-uc-best-benchmark-failures/logs/f66022e430808d6fc78a09640703d8b0593bc022.log	BM_g:uc12_groupby;n:grouped_count;a:low;s:LARGE;t:specialized_exec;/30000000
pass	0	dbda574dd726c880c2ce1ff388ef5aa3ed18bb9a	/home/Jakob.Gerhardt/CLionProjects/Masterarbeit/llvm/runtime-specialization/benchmarks/reports/20260620_123550-uc-best-benchmark-failures/logs/dbda574dd726c880c2ce1ff388ef5aa3ed18bb9a.log	BM_g:uc12_groupby;n:grouped_count;a:low;s:EXTRALARGE;t:specialized_exec;/42000000
pass	0	8da8a275c281c693565021a7849a31990f8a62e4	/home/Jakob.Gerhardt/CLionProjects/Masterarbeit/llvm/runtime-specialization/benchmarks/reports/20260620_123550-uc-best-benchmark-failures/logs/8da8a275c281c693565021a7849a31990f8a62e4.log	BM_g:uc12_groupby;n:grouped_count;a:tradeoff;s:SMALL;t:unspecialized;/1000000
pass	0	2328ca1f285c8bfc0da21d68f929e8e45689b0be	/home/Jakob.Gerhardt/CLionProjects/Masterarbeit/llvm/runtime-specialization/benchmarks/reports/20260620_123550-uc-best-benchmark-failures/logs/2328ca1f285c8bfc0da21d68f929e8e45689b0be.log	BM_g:uc12_groupby;n:grouped_count;a:tradeoff;s:MEDIUM;t:unspecialized;/10000000
pass	0	876828dd8db8c3ae0f4224ac57af773fa9ab8452	/home/Jakob.Gerhardt/CLionProjects/Masterarbeit/llvm/runtime-specialization/benchmarks/reports/20260620_123550-uc-best-benchmark-failures/logs/876828dd8db8c3ae0f4224ac57af773fa9ab8452.log	BM_g:uc12_groupby;n:grouped_count;a:tradeoff;s:LARGE;t:unspecialized;/30000000
pass	0	ceb157389dce24fadbe309c68eec806c610f9a5e	/home/Jakob.Gerhardt/CLionProjects/Masterarbeit/llvm/runtime-specialization/benchmarks/reports/20260620_123550-uc-best-benchmark-failures/logs/ceb157389dce24fadbe309c68eec806c610f9a5e.log	BM_g:uc12_groupby;n:grouped_count;a:tradeoff;s:EXTRALARGE;t:unspecialized;/42000000
pass	0	76fdd96b04a5de8c7e82cfd463cc5f8ed464dae3	/home/Jakob.Gerhardt/CLionProjects/Masterarbeit/llvm/runtime-specialization/benchmarks/reports/20260620_123550-uc-best-benchmark-failures/logs/76fdd96b04a5de8c7e82cfd463cc5f8ed464dae3.log	BM_g:uc12_groupby;n:grouped_count;a:tradeoff;s:SMALL;t:jit_overhead;/1000000/iterations:1/manual_time
pass	0	3c9d5b60a176fc78e2f446caa5134a5700eb2369	/home/Jakob.Gerhardt/CLionProjects/Masterarbeit/llvm/runtime-specialization/benchmarks/reports/20260620_123550-uc-best-benchmark-failures/logs/3c9d5b60a176fc78e2f446caa5134a5700eb2369.log	BM_g:uc12_groupby;n:grouped_count;a:tradeoff;s:MEDIUM;t:jit_overhead;/10000000/iterations:1/manual_time
pass	0	a8da9289e49a45343e843981562ccb58dfa37ab0	/home/Jakob.Gerhardt/CLionProjects/Masterarbeit/llvm/runtime-specialization/benchmarks/reports/20260620_123550-uc-best-benchmark-failures/logs/a8da9289e49a45343e843981562ccb58dfa37ab0.log	BM_g:uc12_groupby;n:grouped_count;a:tradeoff;s:LARGE;t:jit_overhead;/30000000/iterations:1/manual_time
pass	0	8062ce47e38a3801783fa3e8af6f6b1feb0e3970	/home/Jakob.Gerhardt/CLionProjects/Masterarbeit/llvm/runtime-specialization/benchmarks/reports/20260620_123550-uc-best-benchmark-failures/logs/8062ce47e38a3801783fa3e8af6f6b1feb0e3970.log	BM_g:uc12_groupby;n:grouped_count;a:tradeoff;s:EXTRALARGE;t:jit_overhead;/42000000/iterations:1/manual_time
pass	0	27754570c23b9b45db737206269467af3b2ce0f7	/home/Jakob.Gerhardt/CLionProjects/Masterarbeit/llvm/runtime-specialization/benchmarks/reports/20260620_123550-uc-best-benchmark-failures/logs/27754570c23b9b45db737206269467af3b2ce0f7.log	BM_g:uc12_groupby;n:grouped_count;a:tradeoff;s:SMALL;t:specialized_exec;/1000000
pass	0	c2992f3dd0ddc36aad02cb06b6a1a9e624362388	/home/Jakob.Gerhardt/CLionProjects/Masterarbeit/llvm/runtime-specialization/benchmarks/reports/20260620_123550-uc-best-benchmark-failures/logs/c2992f3dd0ddc36aad02cb06b6a1a9e624362388.log	BM_g:uc12_groupby;n:grouped_count;a:tradeoff;s:MEDIUM;t:specialized_exec;/10000000
pass	0	6fc2cf6ac056ff3796ad17d7f527c913f3471115	/home/Jakob.Gerhardt/CLionProjects/Masterarbeit/llvm/runtime-specialization/benchmarks/reports/20260620_123550-uc-best-benchmark-failures/logs/6fc2cf6ac056ff3796ad17d7f527c913f3471115.log	BM_g:uc12_groupby;n:grouped_count;a:tradeoff;s:LARGE;t:specialized_exec;/30000000
pass	0	21dcebdcae7771131a018a252a9ad6baeee249dc	/home/Jakob.Gerhardt/CLionProjects/Masterarbeit/llvm/runtime-specialization/benchmarks/reports/20260620_123550-uc-best-benchmark-failures/logs/21dcebdcae7771131a018a252a9ad6baeee249dc.log	BM_g:uc12_groupby;n:grouped_count;a:tradeoff;s:EXTRALARGE;t:specialized_exec;/42000000
pass	0	1fe35ee99d98af3fd6e95df2b1dbf241e27ac361	/home/Jakob.Gerhardt/CLionProjects/Masterarbeit/llvm/runtime-specialization/benchmarks/reports/20260620_123550-uc-best-benchmark-failures/logs/1fe35ee99d98af3fd6e95df2b1dbf241e27ac361.log	BM_g:uc12_groupby;n:grouped_count;a:abstract;s:SMALL;t:unspecialized;/1000000
pass	0	644510ff3552f7bc3fac1e3b6451f3a9ea04801c	/home/Jakob.Gerhardt/CLionProjects/Masterarbeit/llvm/runtime-specialization/benchmarks/reports/20260620_123550-uc-best-benchmark-failures/logs/644510ff3552f7bc3fac1e3b6451f3a9ea04801c.log	BM_g:uc12_groupby;n:grouped_count;a:abstract;s:MEDIUM;t:unspecialized;/10000000
pass	0	aa96ff134fbd8098a377dacd006537f7d1c40b62	/home/Jakob.Gerhardt/CLionProjects/Masterarbeit/llvm/runtime-specialization/benchmarks/reports/20260620_123550-uc-best-benchmark-failures/logs/aa96ff134fbd8098a377dacd006537f7d1c40b62.log	BM_g:uc12_groupby;n:grouped_count;a:abstract;s:LARGE;t:unspecialized;/30000000
pass	0	fde1a96c7847537daf33c78d456a9b8a67a762c5	/home/Jakob.Gerhardt/CLionProjects/Masterarbeit/llvm/runtime-specialization/benchmarks/reports/20260620_123550-uc-best-benchmark-failures/logs/fde1a96c7847537daf33c78d456a9b8a67a762c5.log	BM_g:uc12_groupby;n:grouped_count;a:abstract;s:EXTRALARGE;t:unspecialized;/42000000
pass	0	429f72bb65cd0462c22fcac9076d51c1b6bdf832	/home/Jakob.Gerhardt/CLionProjects/Masterarbeit/llvm/runtime-specialization/benchmarks/reports/20260620_123550-uc-best-benchmark-failures/logs/429f72bb65cd0462c22fcac9076d51c1b6bdf832.log	BM_g:uc12_groupby;n:grouped_count;a:abstract;s:SMALL;t:jit_overhead;/1000000/iterations:1/manual_time
pass	0	dfeb2d8a7a2b3c09f8c46535b317355610069221	/home/Jakob.Gerhardt/CLionProjects/Masterarbeit/llvm/runtime-specialization/benchmarks/reports/20260620_123550-uc-best-benchmark-failures/logs/dfeb2d8a7a2b3c09f8c46535b317355610069221.log	BM_g:uc12_groupby;n:grouped_count;a:abstract;s:MEDIUM;t:jit_overhead;/10000000/iterations:1/manual_time
pass	0	53186f3bf88bc27c810012c5a028a78e0b9dc7b5	/home/Jakob.Gerhardt/CLionProjects/Masterarbeit/llvm/runtime-specialization/benchmarks/reports/20260620_123550-uc-best-benchmark-failures/logs/53186f3bf88bc27c810012c5a028a78e0b9dc7b5.log	BM_g:uc12_groupby;n:grouped_count;a:abstract;s:LARGE;t:jit_overhead;/30000000/iterations:1/manual_time
pass	0	2854cd521f542e8e36b3c0d0347d88212f8a617a	/home/Jakob.Gerhardt/CLionProjects/Masterarbeit/llvm/runtime-specialization/benchmarks/reports/20260620_123550-uc-best-benchmark-failures/logs/2854cd521f542e8e36b3c0d0347d88212f8a617a.log	BM_g:uc12_groupby;n:grouped_count;a:abstract;s:EXTRALARGE;t:jit_overhead;/42000000/iterations:1/manual_time
pass	0	7bbc8916325310f807962669e4fc3e82d88d93cc	/home/Jakob.Gerhardt/CLionProjects/Masterarbeit/llvm/runtime-specialization/benchmarks/reports/20260620_123550-uc-best-benchmark-failures/logs/7bbc8916325310f807962669e4fc3e82d88d93cc.log	BM_g:uc12_groupby;n:grouped_count;a:abstract;s:SMALL;t:specialized_exec;/1000000
pass	0	49bec214b0082f998cb825a0621147b18a63214b	/home/Jakob.Gerhardt/CLionProjects/Masterarbeit/llvm/runtime-specialization/benchmarks/reports/20260620_123550-uc-best-benchmark-failures/logs/49bec214b0082f998cb825a0621147b18a63214b.log	BM_g:uc12_groupby;n:grouped_count;a:abstract;s:MEDIUM;t:specialized_exec;/10000000
pass	0	5746e966147b49c7a0fd002bb3c25683e19e62bc	/home/Jakob.Gerhardt/CLionProjects/Masterarbeit/llvm/runtime-specialization/benchmarks/reports/20260620_123550-uc-best-benchmark-failures/logs/5746e966147b49c7a0fd002bb3c25683e19e62bc.log	BM_g:uc12_groupby;n:grouped_count;a:abstract;s:LARGE;t:specialized_exec;/30000000
pass	0	a5fe8d33fc75a5721c85a698916993b76e92c8ea	/home/Jakob.Gerhardt/CLionProjects/Masterarbeit/llvm/runtime-specialization/benchmarks/reports/20260620_123550-uc-best-benchmark-failures/logs/a5fe8d33fc75a5721c85a698916993b76e92c8ea.log	BM_g:uc12_groupby;n:grouped_count;a:abstract;s:EXTRALARGE;t:specialized_exec;/42000000
pass	0	0cce83f9ab1812c879d473bd1ad0a8b7da54d166	/home/Jakob.Gerhardt/CLionProjects/Masterarbeit/llvm/runtime-specialization/benchmarks/reports/20260620_123550-uc-best-benchmark-failures/logs/0cce83f9ab1812c879d473bd1ad0a8b7da54d166.log	BM_g:uc12_groupby;n:grouped_minmax;a:low;s:SMALL;t:unspecialized;/1000000
pass	0	35ca52ac96b16f10c0bdcb321bb1edd0846e450f	/home/Jakob.Gerhardt/CLionProjects/Masterarbeit/llvm/runtime-specialization/benchmarks/reports/20260620_123550-uc-best-benchmark-failures/logs/35ca52ac96b16f10c0bdcb321bb1edd0846e450f.log	BM_g:uc12_groupby;n:grouped_minmax;a:low;s:MEDIUM;t:unspecialized;/10000000
pass	0	450c65f2fb1c9750d7069db324a2cb2bf6f0497a	/home/Jakob.Gerhardt/CLionProjects/Masterarbeit/llvm/runtime-specialization/benchmarks/reports/20260620_123550-uc-best-benchmark-failures/logs/450c65f2fb1c9750d7069db324a2cb2bf6f0497a.log	BM_g:uc12_groupby;n:grouped_minmax;a:low;s:LARGE;t:unspecialized;/30000000
pass	0	201ecd811f7d347b5b01427ab0dd77b8e0c74514	/home/Jakob.Gerhardt/CLionProjects/Masterarbeit/llvm/runtime-specialization/benchmarks/reports/20260620_123550-uc-best-benchmark-failures/logs/201ecd811f7d347b5b01427ab0dd77b8e0c74514.log	BM_g:uc12_groupby;n:grouped_minmax;a:low;s:EXTRALARGE;t:unspecialized;/42000000
pass	0	518be750abb9094fff62109998a82385fa17ff2a	/home/Jakob.Gerhardt/CLionProjects/Masterarbeit/llvm/runtime-specialization/benchmarks/reports/20260620_123550-uc-best-benchmark-failures/logs/518be750abb9094fff62109998a82385fa17ff2a.log	BM_g:uc12_groupby;n:grouped_minmax;a:low;s:SMALL;t:jit_overhead;/1000000/iterations:1/manual_time
pass	0	7c733f6b1c1934634a16eca17710d1d1ecc52d00	/home/Jakob.Gerhardt/CLionProjects/Masterarbeit/llvm/runtime-specialization/benchmarks/reports/20260620_123550-uc-best-benchmark-failures/logs/7c733f6b1c1934634a16eca17710d1d1ecc52d00.log	BM_g:uc12_groupby;n:grouped_minmax;a:low;s:MEDIUM;t:jit_overhead;/10000000/iterations:1/manual_time
pass	0	fb480c2195ea92f54ccf185164367766caf198bc	/home/Jakob.Gerhardt/CLionProjects/Masterarbeit/llvm/runtime-specialization/benchmarks/reports/20260620_123550-uc-best-benchmark-failures/logs/fb480c2195ea92f54ccf185164367766caf198bc.log	BM_g:uc12_groupby;n:grouped_minmax;a:low;s:LARGE;t:jit_overhead;/30000000/iterations:1/manual_time
pass	0	19d9c36728945a745102fca8e6f08372e6a918c8	/home/Jakob.Gerhardt/CLionProjects/Masterarbeit/llvm/runtime-specialization/benchmarks/reports/20260620_123550-uc-best-benchmark-failures/logs/19d9c36728945a745102fca8e6f08372e6a918c8.log	BM_g:uc12_groupby;n:grouped_minmax;a:low;s:EXTRALARGE;t:jit_overhead;/42000000/iterations:1/manual_time
pass	0	9baab7fe631d6e76234b67db89119b62def8f551	/home/Jakob.Gerhardt/CLionProjects/Masterarbeit/llvm/runtime-specialization/benchmarks/reports/20260620_123550-uc-best-benchmark-failures/logs/9baab7fe631d6e76234b67db89119b62def8f551.log	BM_g:uc12_groupby;n:grouped_minmax;a:low;s:SMALL;t:specialized_exec;/1000000
pass	0	5eb78cc4086de6e96ac871ec214ce7fbb6c0cde3	/home/Jakob.Gerhardt/CLionProjects/Masterarbeit/llvm/runtime-specialization/benchmarks/reports/20260620_123550-uc-best-benchmark-failures/logs/5eb78cc4086de6e96ac871ec214ce7fbb6c0cde3.log	BM_g:uc12_groupby;n:grouped_minmax;a:low;s:MEDIUM;t:specialized_exec;/10000000
pass	0	7a0008f2c3fd0688bbdab64c6066450082a58012	/home/Jakob.Gerhardt/CLionProjects/Masterarbeit/llvm/runtime-specialization/benchmarks/reports/20260620_123550-uc-best-benchmark-failures/logs/7a0008f2c3fd0688bbdab64c6066450082a58012.log	BM_g:uc12_groupby;n:grouped_minmax;a:low;s:LARGE;t:specialized_exec;/30000000
pass	0	d6e62971444e5a5ba83b3926cd5ec6c7246ca78e	/home/Jakob.Gerhardt/CLionProjects/Masterarbeit/llvm/runtime-specialization/benchmarks/reports/20260620_123550-uc-best-benchmark-failures/logs/d6e62971444e5a5ba83b3926cd5ec6c7246ca78e.log	BM_g:uc12_groupby;n:grouped_minmax;a:low;s:EXTRALARGE;t:specialized_exec;/42000000
pass	0	0954b4c752864dacce4320a406d9b1ea29700f1a	/home/Jakob.Gerhardt/CLionProjects/Masterarbeit/llvm/runtime-specialization/benchmarks/reports/20260620_123550-uc-best-benchmark-failures/logs/0954b4c752864dacce4320a406d9b1ea29700f1a.log	BM_g:uc12_groupby;n:grouped_minmax;a:tradeoff;s:SMALL;t:unspecialized;/1000000
pass	0	8ee6c1e6766f36d97d3c66d490e41a52c2d94a9e	/home/Jakob.Gerhardt/CLionProjects/Masterarbeit/llvm/runtime-specialization/benchmarks/reports/20260620_123550-uc-best-benchmark-failures/logs/8ee6c1e6766f36d97d3c66d490e41a52c2d94a9e.log	BM_g:uc12_groupby;n:grouped_minmax;a:tradeoff;s:MEDIUM;t:unspecialized;/10000000
pass	0	32c89f2f81ee33e6c280c6bf1f000bd45ee06d18	/home/Jakob.Gerhardt/CLionProjects/Masterarbeit/llvm/runtime-specialization/benchmarks/reports/20260620_123550-uc-best-benchmark-failures/logs/32c89f2f81ee33e6c280c6bf1f000bd45ee06d18.log	BM_g:uc12_groupby;n:grouped_minmax;a:tradeoff;s:LARGE;t:unspecialized;/30000000
pass	0	0d88446449275a593bc20192a1595eaf59454ab6	/home/Jakob.Gerhardt/CLionProjects/Masterarbeit/llvm/runtime-specialization/benchmarks/reports/20260620_123550-uc-best-benchmark-failures/logs/0d88446449275a593bc20192a1595eaf59454ab6.log	BM_g:uc12_groupby;n:grouped_minmax;a:tradeoff;s:EXTRALARGE;t:unspecialized;/42000000
pass	0	5dab6ea8d6f6435456625a5d4f4f5c2d749369cc	/home/Jakob.Gerhardt/CLionProjects/Masterarbeit/llvm/runtime-specialization/benchmarks/reports/20260620_123550-uc-best-benchmark-failures/logs/5dab6ea8d6f6435456625a5d4f4f5c2d749369cc.log	BM_g:uc12_groupby;n:grouped_minmax;a:tradeoff;s:SMALL;t:jit_overhead;/1000000/iterations:1/manual_time
pass	0	ed019ce1f02fc41416e1b6ce718f967b58b0bfba	/home/Jakob.Gerhardt/CLionProjects/Masterarbeit/llvm/runtime-specialization/benchmarks/reports/20260620_123550-uc-best-benchmark-failures/logs/ed019ce1f02fc41416e1b6ce718f967b58b0bfba.log	BM_g:uc12_groupby;n:grouped_minmax;a:tradeoff;s:MEDIUM;t:jit_overhead;/10000000/iterations:1/manual_time
pass	0	495c309772ba01d8cb2e0c577049ac2cb6790597	/home/Jakob.Gerhardt/CLionProjects/Masterarbeit/llvm/runtime-specialization/benchmarks/reports/20260620_123550-uc-best-benchmark-failures/logs/495c309772ba01d8cb2e0c577049ac2cb6790597.log	BM_g:uc12_groupby;n:grouped_minmax;a:tradeoff;s:LARGE;t:jit_overhead;/30000000/iterations:1/manual_time
pass	0	4711b4826f76cdff1a9f15fa91f696eb1a2ca4da	/home/Jakob.Gerhardt/CLionProjects/Masterarbeit/llvm/runtime-specialization/benchmarks/reports/20260620_123550-uc-best-benchmark-failures/logs/4711b4826f76cdff1a9f15fa91f696eb1a2ca4da.log	BM_g:uc12_groupby;n:grouped_minmax;a:tradeoff;s:EXTRALARGE;t:jit_overhead;/42000000/iterations:1/manual_time
pass	0	cc57316f1350953910573bdea1486b841d34065d	/home/Jakob.Gerhardt/CLionProjects/Masterarbeit/llvm/runtime-specialization/benchmarks/reports/20260620_123550-uc-best-benchmark-failures/logs/cc57316f1350953910573bdea1486b841d34065d.log	BM_g:uc12_groupby;n:grouped_minmax;a:tradeoff;s:SMALL;t:specialized_exec;/1000000
pass	0	6a1fca591c18306879b6dc91eeb02446db7a640a	/home/Jakob.Gerhardt/CLionProjects/Masterarbeit/llvm/runtime-specialization/benchmarks/reports/20260620_123550-uc-best-benchmark-failures/logs/6a1fca591c18306879b6dc91eeb02446db7a640a.log	BM_g:uc12_groupby;n:grouped_minmax;a:tradeoff;s:MEDIUM;t:specialized_exec;/10000000
pass	0	fbac3f4d0b6fd0c1c78151289b3e8401283ac558	/home/Jakob.Gerhardt/CLionProjects/Masterarbeit/llvm/runtime-specialization/benchmarks/reports/20260620_123550-uc-best-benchmark-failures/logs/fbac3f4d0b6fd0c1c78151289b3e8401283ac558.log	BM_g:uc12_groupby;n:grouped_minmax;a:tradeoff;s:LARGE;t:specialized_exec;/30000000
pass	0	0383b02acb9d4c1ecc4bbc4b717d1bc27e06457c	/home/Jakob.Gerhardt/CLionProjects/Masterarbeit/llvm/runtime-specialization/benchmarks/reports/20260620_123550-uc-best-benchmark-failures/logs/0383b02acb9d4c1ecc4bbc4b717d1bc27e06457c.log	BM_g:uc12_groupby;n:grouped_minmax;a:tradeoff;s:EXTRALARGE;t:specialized_exec;/42000000
pass	0	dcc8511ccb77d8496809c1a5c8a8e540b0b3556f	/home/Jakob.Gerhardt/CLionProjects/Masterarbeit/llvm/runtime-specialization/benchmarks/reports/20260620_123550-uc-best-benchmark-failures/logs/dcc8511ccb77d8496809c1a5c8a8e540b0b3556f.log	BM_g:uc12_groupby;n:grouped_minmax;a:abstract;s:SMALL;t:unspecialized;/1000000
pass	0	badde361318b02370005197429304b589271a7a0	/home/Jakob.Gerhardt/CLionProjects/Masterarbeit/llvm/runtime-specialization/benchmarks/reports/20260620_123550-uc-best-benchmark-failures/logs/badde361318b02370005197429304b589271a7a0.log	BM_g:uc12_groupby;n:grouped_minmax;a:abstract;s:MEDIUM;t:unspecialized;/10000000
pass	0	7080d6920fe21ca98bffa67e5f431c8fff17b053	/home/Jakob.Gerhardt/CLionProjects/Masterarbeit/llvm/runtime-specialization/benchmarks/reports/20260620_123550-uc-best-benchmark-failures/logs/7080d6920fe21ca98bffa67e5f431c8fff17b053.log	BM_g:uc12_groupby;n:grouped_minmax;a:abstract;s:LARGE;t:unspecialized;/30000000
pass	0	f5c6b87607d7bdaa0862bc75dd549b4dde65d0fc	/home/Jakob.Gerhardt/CLionProjects/Masterarbeit/llvm/runtime-specialization/benchmarks/reports/20260620_123550-uc-best-benchmark-failures/logs/f5c6b87607d7bdaa0862bc75dd549b4dde65d0fc.log	BM_g:uc12_groupby;n:grouped_minmax;a:abstract;s:EXTRALARGE;t:unspecialized;/42000000
pass	0	4ef3b90060196ab177b4df0ca4e31f2cfb871d78	/home/Jakob.Gerhardt/CLionProjects/Masterarbeit/llvm/runtime-specialization/benchmarks/reports/20260620_123550-uc-best-benchmark-failures/logs/4ef3b90060196ab177b4df0ca4e31f2cfb871d78.log	BM_g:uc12_groupby;n:grouped_minmax;a:abstract;s:SMALL;t:jit_overhead;/1000000/iterations:1/manual_time
pass	0	fd19e9e2a6b373b8bfaa61335683ab74b396e5f4	/home/Jakob.Gerhardt/CLionProjects/Masterarbeit/llvm/runtime-specialization/benchmarks/reports/20260620_123550-uc-best-benchmark-failures/logs/fd19e9e2a6b373b8bfaa61335683ab74b396e5f4.log	BM_g:uc12_groupby;n:grouped_minmax;a:abstract;s:MEDIUM;t:jit_overhead;/10000000/iterations:1/manual_time
pass	0	e8f67b9154d7d541bcf2999cbb9fcd8c8f44f305	/home/Jakob.Gerhardt/CLionProjects/Masterarbeit/llvm/runtime-specialization/benchmarks/reports/20260620_123550-uc-best-benchmark-failures/logs/e8f67b9154d7d541bcf2999cbb9fcd8c8f44f305.log	BM_g:uc12_groupby;n:grouped_minmax;a:abstract;s:LARGE;t:jit_overhead;/30000000/iterations:1/manual_time
pass	0	ddd9b40f522d3e6e837a92d7cd2acdc382b08a07	/home/Jakob.Gerhardt/CLionProjects/Masterarbeit/llvm/runtime-specialization/benchmarks/reports/20260620_123550-uc-best-benchmark-failures/logs/ddd9b40f522d3e6e837a92d7cd2acdc382b08a07.log	BM_g:uc12_groupby;n:grouped_minmax;a:abstract;s:EXTRALARGE;t:jit_overhead;/42000000/iterations:1/manual_time
pass	0	94433461a960c38b12afd5ee60f4f5144e19b3ad	/home/Jakob.Gerhardt/CLionProjects/Masterarbeit/llvm/runtime-specialization/benchmarks/reports/20260620_123550-uc-best-benchmark-failures/logs/94433461a960c38b12afd5ee60f4f5144e19b3ad.log	BM_g:uc12_groupby;n:grouped_minmax;a:abstract;s:SMALL;t:specialized_exec;/1000000
pass	0	1b2b4c6dbbc2b660e8d67092f99cd75b5dd230a1	/home/Jakob.Gerhardt/CLionProjects/Masterarbeit/llvm/runtime-specialization/benchmarks/reports/20260620_123550-uc-best-benchmark-failures/logs/1b2b4c6dbbc2b660e8d67092f99cd75b5dd230a1.log	BM_g:uc12_groupby;n:grouped_minmax;a:abstract;s:MEDIUM;t:specialized_exec;/10000000
pass	0	de1e9f34345b22ad12993b0001fe948a9ebe04fe	/home/Jakob.Gerhardt/CLionProjects/Masterarbeit/llvm/runtime-specialization/benchmarks/reports/20260620_123550-uc-best-benchmark-failures/logs/de1e9f34345b22ad12993b0001fe948a9ebe04fe.log	BM_g:uc12_groupby;n:grouped_minmax;a:abstract;s:LARGE;t:specialized_exec;/30000000
pass	0	c61919957dd4835922d56ee5c826892e6bf727c1	/home/Jakob.Gerhardt/CLionProjects/Masterarbeit/llvm/runtime-specialization/benchmarks/reports/20260620_123550-uc-best-benchmark-failures/logs/c61919957dd4835922d56ee5c826892e6bf727c1.log	BM_g:uc12_groupby;n:grouped_minmax;a:abstract;s:EXTRALARGE;t:specialized_exec;/42000000
