study_name,config_name,group,kernel,abstraction,size,jit_ms,spec_ms,unspec_ms,medium_exec_speedup,up_ms,first_call_speedup,u_over_up,quadrant,matches_prediction,label
corpus_uc_first_call_quadrants_20260620_160209,default,uc12_groupby,grouped_count,low,SMALL,58.87072600012288,1.412417246418426,5.2579418798519955,3.0326039271491037,87.87753945743373,0.08722076515400788,0.05983260241826464,bottom_left,True,"grouped_count [low, SMALL]"
corpus_uc_first_call_quadrants_20260620_160209,default,uc12_groupby,grouped_count,low,MEDIUM,58.8999540000259,18.096722947360064,54.88019307869343,3.0326039271491037,87.87753945743373,0.7127605405126073,0.6245076206904541,bottom_left,True,"grouped_count [low, MEDIUM]"
corpus_uc_first_call_quadrants_20260620_160209,default,uc12_groupby,grouped_count,low,LARGE,58.901231999925585,54.3399910764912,164.81671850488055,3.0326039271491037,87.87753945743373,1.4554480605853213,1.8755272339494071,top_right,True,"grouped_count [low, LARGE]"
corpus_uc_first_call_quadrants_20260620_160209,default,uc12_groupby,grouped_count,low,EXTRALARGE,59.11241300009351,76.13033199838053,231.06897400187637,3.0326039271491037,87.87753945743373,1.708549867162808,2.6294429205519796,top_right,True,"grouped_count [low, EXTRALARGE]"
corpus_uc_first_call_quadrants_20260620_160209,default,uc12_groupby,grouped_count,abstract,SMALL,58.88054599995485,1.4070832786855447,5.25942848484688,3.0471323157234864,87.33670930807462,0.08723893355531678,0.06022013568538041,bottom_left,True,"grouped_count [abstract, SMALL]"
corpus_uc_first_call_quadrants_20260620_160209,default,uc12_groupby,grouped_count,abstract,MEDIUM,58.67477400011012,18.034278184610518,54.952831847073796,3.0471323157234864,87.33670930807462,0.7163800135966173,0.6292065762774645,bottom_left,True,"grouped_count [abstract, MEDIUM]"
corpus_uc_first_call_quadrants_20260620_160209,default,uc12_groupby,grouped_count,abstract,LARGE,58.52770599994983,54.54780053920471,164.96188149903898,3.0471323157234864,87.33670930807462,1.4588648465785807,1.8888034917499188,top_right,True,"grouped_count [abstract, LARGE]"
corpus_uc_first_call_quadrants_20260620_160209,default,uc12_groupby,grouped_count,abstract,EXTRALARGE,58.51731999996446,76.32198933343817,231.19356466728885,3.0471323157234864,87.33670930807462,1.7145857970515217,2.6471522284148405,top_right,True,"grouped_count [abstract, EXTRALARGE]"
corpus_uc_first_call_quadrants_20260620_160209,default,uc12_groupby,grouped_count,tradeoff,SMALL,59.11896699990393,1.4309410883481222,5.2562656818543365,3.036299272638773,87.32646453059346,0.08680881355250417,0.060190982311128446,bottom_left,True,"grouped_count [tradeoff, SMALL]"
corpus_uc_first_call_quadrants_20260620_160209,default,uc12_groupby,grouped_count,tradeoff,MEDIUM,58.565641999848594,18.11971889737134,55.01688930850763,3.036299272638773,87.32646453059346,0.7174366615063051,0.6300139322511256,bottom_left,True,"grouped_count [tradeoff, MEDIUM]"
corpus_uc_first_call_quadrants_20260620_160209,default,uc12_groupby,grouped_count,tradeoff,LARGE,58.75921199981349,54.55854484506954,164.82697225001175,3.036299272638773,87.32646453059346,1.4545555510389956,1.8874801944176638,top_right,True,"grouped_count [tradeoff, LARGE]"
corpus_uc_first_call_quadrants_20260620_160209,default,uc12_groupby,grouped_count,tradeoff,EXTRALARGE,58.49260100012543,76.59130888835837,231.06410766680102,3.036299272638773,87.32646453059346,1.7105227991812795,2.6459803326384677,top_right,True,"grouped_count [tradeoff, EXTRALARGE]"
corpus_uc_first_call_quadrants_20260620_160209,default,uc12_groupby,grouped_minmax,low,SMALL,60.69084699993254,1.6675473899083684,5.294367923616353,2.7767249519291535,94.37281984018789,0.08490224893408871,0.05610055874754937,bottom_left,True,"grouped_minmax [low, SMALL]"
corpus_uc_first_call_quadrants_20260620_160209,default,uc12_groupby,grouped_minmax,low,MEDIUM,60.3857229998539,19.256710805671496,53.47058938619179,2.7767249519291535,94.37281984018789,0.6713831663753366,0.5665888703626696,bottom_left,True,"grouped_minmax [low, MEDIUM]"
corpus_uc_first_call_quadrants_20260620_160209,default,uc12_groupby,grouped_minmax,low,LARGE,60.57983200003036,57.41898216607903,159.98214899445887,2.7767249519291535,94.37281984018789,1.3557945486574863,1.6952142498801523,top_right,True,"grouped_minmax [low, LARGE]"
corpus_uc_first_call_quadrants_20260620_160209,default,uc12_groupby,grouped_minmax,low,EXTRALARGE,60.35371600000872,80.10273977803688,223.71492666813234,2.7767249519291535,94.37281984018789,1.5927706948668474,2.3705440512106555,top_right,True,"grouped_minmax [low, EXTRALARGE]"
corpus_uc_first_call_quadrants_20260620_160209,default,uc12_groupby,grouped_minmax,abstract,SMALL,60.54066800015789,1.664686903598752,5.2744701214109995,2.7863390039010594,94.20095140485923,0.08479125518328116,0.055991686312617465,bottom_left,True,"grouped_minmax [abstract, SMALL]"
corpus_uc_first_call_quadrants_20260620_160209,default,uc12_groupby,grouped_minmax,abstract,MEDIUM,60.39280699997107,19.19293011127997,53.47800976820648,2.7863390039010594,94.20095140485923,0.6719546957698065,0.5677013763732316,bottom_left,True,"grouped_minmax [abstract, MEDIUM]"
corpus_uc_first_call_quadrants_20260620_160209,default,uc12_groupby,grouped_minmax,abstract,LARGE,60.346000999970784,57.59556466606834,159.8832814997877,2.7863390039010594,94.20095140485923,1.355614372226581,1.6972576084994864,top_right,True,"grouped_minmax [abstract, LARGE]"
corpus_uc_first_call_quadrants_20260620_160209,default,uc12_groupby,grouped_minmax,abstract,EXTRALARGE,60.07997299980161,80.50869677875501,223.74924700125123,2.7863390039010594,94.20095140485923,1.591516922051273,2.3752334096883594,top_right,True,"grouped_minmax [abstract, EXTRALARGE]"
corpus_uc_first_call_quadrants_20260620_160209,default,uc12_groupby,grouped_minmax,tradeoff,SMALL,60.841378000077384,1.6597823382148311,5.248445361548175,2.7769365675427204,95.17909476393974,0.08397356678084968,0.055142837558659355,bottom_left,True,"grouped_minmax [tradeoff, SMALL]"
corpus_uc_first_call_quadrants_20260620_160209,default,uc12_groupby,grouped_minmax,tradeoff,MEDIUM,60.9042410001166,19.21758663876163,53.36601907709757,2.7769365675427204,95.17909476393974,0.6660609305821963,0.5606905508972776,bottom_left,True,"grouped_minmax [tradeoff, MEDIUM]"
corpus_uc_first_call_quadrants_20260620_160209,default,uc12_groupby,grouped_minmax,tradeoff,LARGE,60.61951600008797,57.28358608272781,159.90145324758487,2.7769365675427204,95.17909476393974,1.3562107393516178,1.6800060312001026,top_right,True,"grouped_minmax [tradeoff, LARGE]"
corpus_uc_first_call_quadrants_20260620_160209,default,uc12_groupby,grouped_minmax,tradeoff,EXTRALARGE,60.614416999897,80.36761300172657,223.67899699990326,2.7769365675427204,95.17909476393974,1.586578069540688,2.3500853580785255,top_right,True,"grouped_minmax [tradeoff, EXTRALARGE]"
corpus_uc_first_call_quadrants_20260620_160209,default,uc12_groupby,grouped_sum,low,SMALL,58.89847200000986,1.4583965119741418,5.219019424244338,2.8461343301714606,90.27580588729879,0.08646935390970605,0.05781193945540418,bottom_left,True,"grouped_sum [low, SMALL]"
corpus_uc_first_call_quadrants_20260620_160209,default,uc12_groupby,grouped_sum,low,MEDIUM,58.55706200009081,19.32528897224175,55.002368384381185,2.8461343301714606,90.27580588729879,0.706223781096703,0.6092703116164555,bottom_left,True,"grouped_sum [low, MEDIUM]"
corpus_uc_first_call_quadrants_20260620_160209,default,uc12_groupby,grouped_sum,low,LARGE,58.88915800005634,58.31277816711614,165.25054200610612,2.8461343301714606,90.27580588729879,1.409964266890599,1.8305075250439362,top_right,True,"grouped_sum [low, LARGE]"
corpus_uc_first_call_quadrants_20260620_160209,default,uc12_groupby,grouped_sum,low,EXTRALARGE,58.881078000013076,81.41387400165614,231.44956833372513,2.8461343301714606,90.27580588729879,1.6497355395294004,2.563805064478395,top_right,True,"grouped_sum [low, EXTRALARGE]"
corpus_uc_first_call_quadrants_20260620_160209,default,uc12_groupby,grouped_sum,abstract,SMALL,59.16802000001553,1.4637302694915746,5.219415915936217,2.843705115103932,91.48606768410075,0.0860838734282946,0.05705148388231898,bottom_left,True,"grouped_sum [abstract, SMALL]"
corpus_uc_first_call_quadrants_20260620_160209,default,uc12_groupby,grouped_sum,abstract,MEDIUM,59.314634999964255,19.337764805338036,54.99090069161657,2.843705115103932,91.48606768410075,0.6991636724084977,0.6010849748346258,bottom_left,True,"grouped_sum [abstract, MEDIUM]"
corpus_uc_first_call_quadrants_20260620_160209,default,uc12_groupby,grouped_sum,abstract,LARGE,59.13902099996448,57.97749799967278,165.09773625148227,2.843705115103932,91.48606768410075,1.4096878703506686,1.8046216263394432,top_right,True,"grouped_sum [abstract, LARGE]"
corpus_uc_first_call_quadrants_20260620_160209,default,uc12_groupby,grouped_sum,abstract,EXTRALARGE,58.94302000001517,81.22253900122207,231.09681499772702,2.843705115103932,91.48606768410075,1.648741792523277,2.526032879625988,top_right,True,"grouped_sum [abstract, EXTRALARGE]"
corpus_uc_first_call_quadrants_20260620_160209,default,uc12_groupby,grouped_sum,tradeoff,SMALL,59.46505800011437,1.476343904141686,5.194318849729949,2.821066746035983,90.95599900563916,0.08523464651979372,0.057108040222920396,bottom_left,True,"grouped_sum [tradeoff, SMALL]"
corpus_uc_first_call_quadrants_20260620_160209,default,uc12_groupby,grouped_sum,tradeoff,MEDIUM,58.714295000072525,19.369748722561376,54.643354000290856,2.821066746035983,90.95599900563916,0.6998017955421487,0.600766904851466,bottom_left,True,"grouped_sum [tradeoff, MEDIUM]"
corpus_uc_first_call_quadrants_20260620_160209,default,uc12_groupby,grouped_sum,tradeoff,LARGE,58.54735599996275,58.153857084107585,164.31022725009825,2.821066746035983,90.95599900563916,1.4079564634150878,1.8064803756364791,top_right,True,"grouped_sum [tradeoff, LARGE]"
corpus_uc_first_call_quadrants_20260620_160209,default,uc12_groupby,grouped_sum,tradeoff,EXTRALARGE,58.470011000054,81.67087266661434,230.03692833784348,2.821066746035983,90.95599900563916,1.6414690868155013,2.529101223148365,top_right,True,"grouped_sum [tradeoff, EXTRALARGE]"
corpus_uc_first_call_quadrants_20260620_160209,default,uc14_sort,generic_sort,low,SMALL,73.43694000019241,137.5156274007168,200.1213436597027,1.4424392894953366,237.7211024358907,0.9486556438982698,0.8418324734703431,bottom_left,True,"generic_sort [low, SMALL]"
corpus_uc_first_call_quadrants_20260620_160209,default,uc14_sort,generic_sort,low,MEDIUM,72.91617500004575,1425.3006569924764,2055.9096669894643,1.4424392894953366,237.7211024358907,1.3722377316074137,8.648410452092312,top_right,True,"generic_sort [low, MEDIUM]"
corpus_uc_first_call_quadrants_20260620_160209,default,uc14_sort,generic_sort,low,LARGE,73.15303699988362,14286.094473995036,20169.089992006775,1.4424392894953366,237.7211024358907,1.4046063330660776,84.84349847505032,top_right,True,"generic_sort [low, LARGE]"
corpus_uc_first_call_quadrants_20260620_160209,default,uc14_sort,generic_sort,low,EXTRALARGE,73.12664000005498,90071.78399901022,127191.3122709957,1.4424392894953366,237.7211024358907,1.4109649825971822,535.0442639197208,top_right,True,"generic_sort [low, EXTRALARGE]"
corpus_uc_first_call_quadrants_20260620_160209,default,uc14_sort,generic_sort,abstract,SMALL,75.48059600003398,126.83115534309762,194.50385276286397,1.509834754781542,223.870110774706,0.9614065988335743,0.8688245701482005,bottom_left,True,"generic_sort [abstract, SMALL]"
corpus_uc_first_call_quadrants_20260620_160209,default,uc14_sort,generic_sort,abstract,MEDIUM,75.59553300006883,1316.5316540107597,1987.7452469954733,1.509834754781542,223.870110774706,1.4278474449332135,8.87901131650335,top_right,True,"generic_sort [abstract, MEDIUM]"
corpus_uc_first_call_quadrants_20260620_160209,default,uc14_sort,generic_sort,abstract,LARGE,75.40507800013074,13240.723399008857,19785.34419098287,1.509834754781542,223.870110774706,1.48581806079322,88.37867691455271,top_right,True,"generic_sort [abstract, LARGE]"
corpus_uc_first_call_quadrants_20260620_160209,default,uc14_sort,generic_sort,abstract,EXTRALARGE,75.50697799979389,82985.243875999,123131.2609059969,1.509834754781542,223.870110774706,1.4824241249929537,550.0120604751535,top_right,True,"generic_sort [abstract, EXTRALARGE]"
corpus_uc_first_call_quadrants_20260620_160209,default,uc14_sort,generic_sort,tradeoff,SMALL,69.50464500005182,86.51054024448968,157.42893800052116,1.8088912510673607,155.2358959030218,1.0090616355950461,1.0141271584432339,top_right,True,"generic_sort [tradeoff, SMALL]"
corpus_uc_first_call_quadrants_20260620_160209,default,uc14_sort,generic_sort,tradeoff,MEDIUM,69.41763799977706,887.900333997095,1606.1151459871326,1.8088912510673607,155.2358959030218,1.6777238002091748,10.34628709193972,top_right,True,"generic_sort [tradeoff, MEDIUM]"
corpus_uc_first_call_quadrants_20260620_160209,default,uc14_sort,generic_sort,tradeoff,LARGE,69.33010500006276,8898.543833987787,15991.858688008508,1.8088912510673607,155.2358959030218,1.7832385687853918,103.01650011411576,top_right,True,"generic_sort [tradeoff, LARGE]"
corpus_uc_first_call_quadrants_20260620_160209,default,uc14_sort,generic_sort,tradeoff,EXTRALARGE,69.35519799981194,55428.47553800675,99174.5070630277,1.8088912510673607,155.2358959030218,1.7869979014996715,638.8632376946084,top_right,True,"generic_sort [tradeoff, EXTRALARGE]"
corpus_uc_first_call_quadrants_20260620_160209,default,uc14_sort,multi_key_sort,low,SMALL,79.05595699958212,120.12030948729564,169.2268512560986,1.3851814994823517,283.5185202385769,0.8496336146919778,0.5968811177262654,bottom_left,True,"multi_key_sort [low, SMALL]"
corpus_uc_first_call_quadrants_20260620_160209,default,uc14_sort,multi_key_sort,low,MEDIUM,78.83882999976777,1235.0572539726272,1710.7784590043593,1.3851814994823517,283.5185202385769,1.302065269752568,6.034097728659006,top_right,True,"multi_key_sort [low, MEDIUM]"
corpus_uc_first_call_quadrants_20260620_160209,default,uc14_sort,multi_key_sort,low,LARGE,79.17903999987175,10708.693951019086,14777.965500979917,1.3851814994823517,283.5185202385769,1.3698683246718573,52.12345736195457,top_right,True,"multi_key_sort [low, LARGE]"
corpus_uc_first_call_quadrants_20260620_160209,default,uc14_sort,multi_key_sort,low,EXTRALARGE,79.21215399983339,58427.95012201532,80544.37520197826,1.3851814994823517,283.5185202385769,1.3766583793963496,284.08858488045604,top_right,True,"multi_key_sort [low, EXTRALARGE]"
corpus_uc_first_call_quadrants_20260620_160209,default,uc14_sort,multi_key_sort,abstract,SMALL,86.08875299978537,155.57009200565517,194.04591199418064,1.2332182113270413,453.5054362817638,0.8029745900250911,0.4278800130493244,bottom_left,True,"multi_key_sort [abstract, SMALL]"
corpus_uc_first_call_quadrants_20260620_160209,default,uc14_sort,multi_key_sort,abstract,MEDIUM,85.7640000003812,1593.5357959824614,1965.1773640071042,1.2332182113270413,453.5054362817638,1.1702361714734482,4.333304976715065,top_right,True,"multi_key_sort [abstract, MEDIUM]"
corpus_uc_first_call_quadrants_20260620_160209,default,uc14_sort,multi_key_sort,abstract,LARGE,85.40617000016937,13811.386985995341,16938.73387700296,1.2332182113270413,453.5054362817638,1.2188951570956543,37.350674373126786,top_right,True,"multi_key_sort [abstract, LARGE]"
corpus_uc_first_call_quadrants_20260620_160209,default,uc14_sort,multi_key_sort,abstract,EXTRALARGE,85.72947999982716,75315.62509402282,92194.77715797257,1.2332182113270413,453.5054362817638,1.2227204362418127,203.29365379578772,top_right,True,"multi_key_sort [abstract, EXTRALARGE]"
corpus_uc_first_call_quadrants_20260620_160209,default,uc14_sort,multi_key_sort,tradeoff,SMALL,85.0815550002153,162.86067524924874,176.9884599998477,1.0846515016106288,1087.9899957266648,0.713829426402162,0.16267471272255377,bottom_left,True,"multi_key_sort [tradeoff, SMALL]"
corpus_uc_first_call_quadrants_20260620_160209,default,uc14_sort,multi_key_sort,tradeoff,MEDIUM,84.91205399968749,1649.1523520089686,1788.755574991228,1.0846515016106288,1087.9899957266648,1.03153929507639,1.6440919328458754,top_right,True,"multi_key_sort [tradeoff, MEDIUM]"
corpus_uc_first_call_quadrants_20260620_160209,default,uc14_sort,multi_key_sort,tradeoff,LARGE,84.88915900034044,14202.226672001416,15445.799651002744,1.0846515016106288,1087.9899957266648,1.0810999108362198,14.196637571732953,top_right,True,"multi_key_sort [tradeoff, LARGE]"
corpus_uc_first_call_quadrants_20260620_160209,default,uc14_sort,multi_key_sort,tradeoff,EXTRALARGE,85.03897699938534,77308.93914197804,84166.12227199948,1.0846515016106288,1087.9899957266648,1.0875022103478293,77.35927959133964,top_right,True,"multi_key_sort [tradeoff, EXTRALARGE]"
corpus_uc_first_call_quadrants_20260620_160209,default,uc14_sort,struct_sort,low,SMALL,73.49023699998725,119.22924650328544,183.3292339943,1.5207027818849843,213.5490947259052,0.951275038007181,0.8584875259228187,bottom_left,True,"struct_sort [low, SMALL]"
corpus_uc_first_call_quadrants_20260620_160209,default,uc14_sort,struct_sort,low,MEDIUM,73.12119700009134,1177.6328979758546,1790.8296239911579,1.5207027818849843,213.5490947259052,1.4317999286867005,8.386032384214626,top_right,True,"struct_sort [low, MEDIUM]"
corpus_uc_first_call_quadrants_20260620_160209,default,uc14_sort,struct_sort,low,LARGE,73.1911709999622,7677.657439024188,11611.750060983468,1.5207027818849843,213.5490947259052,1.4981262885158182,54.375084454876266,top_right,True,"struct_sort [low, LARGE]"
corpus_uc_first_call_quadrants_20260620_160209,default,uc14_sort,struct_sort,low,EXTRALARGE,73.2075910000276,41952.698695997235,62890.52099498804,1.5207027818849843,213.5490947259052,1.4964703096586462,294.5014638236203,top_right,True,"struct_sort [low, EXTRALARGE]"
corpus_uc_first_call_quadrants_20260620_160209,default,uc14_sort,struct_sort,abstract,SMALL,75.53248500016707,116.96052150606799,193.86061900149798,1.6339428860533975,194.08662030470805,1.0071047386088732,0.9988355647449821,top_left,False,"struct_sort [abstract, SMALL]"
corpus_uc_first_call_quadrants_20260620_160209,default,uc14_sort,struct_sort,abstract,MEDIUM,75.30240699998103,1157.5569379783701,1891.3819240115117,1.6339428860533975,194.08662030470805,1.534142505157167,9.745040235345021,top_right,True,"struct_sort [abstract, MEDIUM]"
corpus_uc_first_call_quadrants_20260620_160209,default,uc14_sort,struct_sort,abstract,LARGE,75.27917500010517,7547.350937005831,12241.164761013351,1.6339428860533975,194.08662030470805,1.60589777821346,63.070626619162226,top_right,True,"struct_sort [abstract, LARGE]"
corpus_uc_first_call_quadrants_20260620_160209,default,uc14_sort,struct_sort,abstract,EXTRALARGE,75.09823399959714,41232.69600397907,66552.35037498642,1.6339428860533975,194.08662030470805,1.6111329980867808,342.9002487162791,top_right,True,"struct_sort [abstract, EXTRALARGE]"
corpus_uc_first_call_quadrants_20260620_160209,default,uc14_sort,struct_sort,tradeoff,SMALL,77.58701099965037,177.7355624944903,193.4851135010831,1.0871592658240279,967.5903244459807,0.757806530199036,0.19996594489704936,bottom_left,True,"struct_sort [tradeoff, SMALL]"
corpus_uc_first_call_quadrants_20260620_160209,default,uc14_sort,struct_sort,tradeoff,MEDIUM,77.57323599980737,1737.7867699833587,1889.2509890138172,1.0871592658240279,967.5903244459807,1.0407032119178108,1.952531914884078,top_right,True,"struct_sort [tradeoff, MEDIUM]"
corpus_uc_first_call_quadrants_20260620_160209,default,uc14_sort,struct_sort,tradeoff,LARGE,77.40691999970295,11252.984779013786,12227.732517989352,1.0871592658240279,967.5903244459807,1.0791976873186115,12.637303421766502,top_right,True,"struct_sort [tradeoff, LARGE]"
corpus_uc_first_call_quadrants_20260620_160209,default,uc14_sort,struct_sort,tradeoff,EXTRALARGE,77.63683999974091,61156.33521202835,66476.56528302468,1.0871592658240279,967.5903244459807,1.0856157628732979,68.70321416358476,top_right,True,"struct_sort [tradeoff, EXTRALARGE]"
corpus_uc_first_call_quadrants_20260620_160209,default,uc1_sql,column_scan,low,SMALL,61.82859300000132,6.05509659128628,6.066192280789102,0.9992462184412957,,0.089361558237513,,undefined,False,"column_scan [low, SMALL]"
corpus_uc_first_call_quadrants_20260620_160209,default,uc1_sql,column_scan,low,MEDIUM,61.59188099999824,63.624046906955876,63.57608827370727,0.9992462184412957,,0.5077316387492621,,undefined,False,"column_scan [low, MEDIUM]"
corpus_uc_first_call_quadrants_20260620_160209,default,uc1_sql,column_scan,low,LARGE,61.92895199998816,190.9252494951943,190.79043400415685,0.9992462184412957,,0.7545472168386805,,undefined,False,"column_scan [low, LARGE]"
corpus_uc_first_call_quadrants_20260620_160209,default,uc1_sql,column_scan,low,EXTRALARGE,61.79498699999897,407.208732503932,407.05263100971933,0.9992462184412957,,0.8679091744523096,,undefined,False,"column_scan [low, EXTRALARGE]"
corpus_uc_first_call_quadrants_20260620_160209,default,uc1_sql,column_scan,abstract,SMALL,61.038049999993405,6.724965747601796,7.405887574621258,1.0965507110762636,688.2285340072219,0.10929099735181252,0.010760797044406682,bottom_left,True,"column_scan [abstract, SMALL]"
corpus_uc_first_call_quadrants_20260620_160209,default,uc1_sql,column_scan,abstract,MEDIUM,60.59815900000842,69.85048439819366,76.59459833586071,1.0965507110762636,688.2285340072219,0.5871628584289009,0.11129238988376057,bottom_left,True,"column_scan [abstract, MEDIUM]"
corpus_uc_first_call_quadrants_20260620_160209,default,uc1_sql,column_scan,abstract,LARGE,61.14569700000061,209.55828833393753,229.84585933348473,1.0965507110762636,688.2285340072219,0.8490671426575003,0.3339673494721346,bottom_left,True,"column_scan [abstract, LARGE]"
corpus_uc_first_call_quadrants_20260620_160209,default,uc1_sql,column_scan,abstract,EXTRALARGE,60.86313500000529,447.15903549513314,490.41115249565337,1.0965507110762636,688.2285340072219,0.9653341546446277,0.7125702121651748,bottom_left,True,"column_scan [abstract, EXTRALARGE]"
corpus_uc_first_call_quadrants_20260620_160209,default,uc1_sql,column_scan,tradeoff,SMALL,62.14939800000252,6.052225852213071,6.337229445555502,1.0450854228209545,1435.3035210172811,0.09291904045111135,0.004415253883766653,bottom_left,True,"column_scan [tradeoff, SMALL]"
corpus_uc_first_call_quadrants_20260620_160209,default,uc1_sql,column_scan,tradeoff,MEDIUM,61.919594999992,63.625440998955376,66.49402090856297,1.0450854228209545,1435.3035210172811,0.5296427722488405,0.046327497936767326,bottom_left,True,"column_scan [tradeoff, MEDIUM]"
corpus_uc_first_call_quadrants_20260620_160209,default,uc1_sql,column_scan,tradeoff,LARGE,62.069399000009184,190.74985074985307,199.4736095002736,1.0450854228209545,1435.3035210172811,0.7889969205178463,0.13897660430658967,bottom_left,True,"column_scan [tradeoff, LARGE]"
corpus_uc_first_call_quadrants_20260620_160209,default,uc1_sql,column_scan,tradeoff,EXTRALARGE,62.21767799999611,407.1700269996654,425.57588800264057,1.0450854228209545,1435.3035210172811,0.906661771217351,0.2965058482550163,bottom_left,True,"column_scan [tradeoff, EXTRALARGE]"
corpus_uc_first_call_quadrants_20260620_160209,default,uc1_sql,count_matching_rows,low,SMALL,3094.7202580000007,0.8645241240703295,0.8870047146729422,1.0087506731616573,7172.279860869754,0.00028653865976958117,0.00012367123590815635,bottom_left,True,"count_matching_rows [low, SMALL]"
corpus_uc_first_call_quadrants_20260620_160209,default,uc1_sql,count_matching_rows,low,MEDIUM,62.2178290000015,13.334336730902297,13.451021153461905,1.0087506731616573,7172.279860869754,0.17803620880135684,0.0018754177771070346,bottom_left,True,"count_matching_rows [low, MEDIUM]"
corpus_uc_first_call_quadrants_20260620_160209,default,uc1_sql,count_matching_rows,low,LARGE,62.06631499999915,40.223652882131695,40.60728441211669,1.0087506731616573,7172.279860869754,0.39698208194677154,0.0056616982605015645,bottom_left,True,"count_matching_rows [low, LARGE]"
corpus_uc_first_call_quadrants_20260620_160209,default,uc1_sql,count_matching_rows,low,EXTRALARGE,61.99062399999988,84.75960374926217,85.74505087744909,1.0087506731616573,7172.279860869754,0.5842924552318473,0.01195506206405213,bottom_left,True,"count_matching_rows [low, EXTRALARGE]"
corpus_uc_first_call_quadrants_20260620_160209,default,uc1_sql,count_matching_rows,abstract,SMALL,60.466034999997476,2.061511217684978,1.7020587710500976,0.8688707970727763,,0.02722094299246249,,undefined,False,"count_matching_rows [abstract, SMALL]"
corpus_uc_first_call_quadrants_20260620_160209,default,uc1_sql,count_matching_rows,abstract,MEDIUM,60.349308000006374,23.52736479952,20.442240206380923,0.8688707970727763,,0.24371782432572067,,undefined,False,"count_matching_rows [abstract, MEDIUM]"
corpus_uc_first_call_quadrants_20260620_160209,default,uc1_sql,count_matching_rows,abstract,LARGE,60.01356100000521,70.36548409960233,61.24855708912946,0.8688707970727763,,0.4697730148455722,,undefined,False,"count_matching_rows [abstract, LARGE]"
corpus_uc_first_call_quadrants_20260620_160209,default,uc1_sql,count_matching_rows,abstract,EXTRALARGE,60.680946000005065,,129.92358360206708,0.8688707970727763,,,,undefined,False,"count_matching_rows [abstract, EXTRALARGE]"
corpus_uc_first_call_quadrants_20260620_160209,default,uc1_sql,count_matching_rows,tradeoff,SMALL,62.06679599999987,0.8653714837253159,0.8810371341002988,1.0077429051763584,8056.889574547358,0.013999790080774554,0.00010935201803976519,bottom_left,True,"count_matching_rows [tradeoff, SMALL]"
corpus_uc_first_call_quadrants_20260620_160209,default,uc1_sql,count_matching_rows,tradeoff,MEDIUM,61.90441199999697,13.318363634775428,13.421486461503754,1.0077429051763584,8056.889574547358,0.17842317500578314,0.001665839693757722,bottom_left,True,"count_matching_rows [tradeoff, MEDIUM]"
corpus_uc_first_call_quadrants_20260620_160209,default,uc1_sql,count_matching_rows,tradeoff,LARGE,61.97569000000058,40.196290883399975,40.432510176769405,1.0077429051763584,8056.889574547358,0.3957299234798168,0.005018377104794927,bottom_left,True,"count_matching_rows [tradeoff, LARGE]"
corpus_uc_first_call_quadrants_20260620_160209,default,uc1_sql,count_matching_rows,tradeoff,EXTRALARGE,61.91789799999725,84.68294799968136,85.60664025208098,1.0077429051763584,8056.889574547358,0.5839436987441986,0.010625271633673895,bottom_left,True,"count_matching_rows [tradeoff, EXTRALARGE]"
corpus_uc_first_call_quadrants_20260620_160209,default,uc1_sql,multi_predicate,low,SMALL,60.65590099999696,8.901534577046569,8.852611189778846,0.9949926534858003,,0.12727052278937853,,undefined,False,"multi_predicate [low, SMALL]"
corpus_uc_first_call_quadrants_20260620_160209,default,uc1_sql,multi_predicate,low,MEDIUM,60.71106099999923,92.00598987445119,91.54528400176787,0.9949926534858003,,0.5994437653004954,,undefined,False,"multi_predicate [low, MEDIUM]"
corpus_uc_first_call_quadrants_20260620_160209,default,uc1_sql,multi_predicate,low,LARGE,60.63434800000067,276.2067843383799,274.8658973335599,0.9949926534858003,,0.8160104896495769,,undefined,False,"multi_predicate [low, LARGE]"
corpus_uc_first_call_quadrants_20260620_160209,default,uc1_sql,multi_predicate,low,EXTRALARGE,60.57566300000161,588.5627540119458,586.4128659886774,0.9949926534858003,,0.9033710694369278,,undefined,False,"multi_predicate [low, EXTRALARGE]"
corpus_uc_first_call_quadrants_20260620_160209,default,uc1_sql,multi_predicate,abstract,SMALL,61.44127400000343,1.7184242364586895,2.0684431858015984,1.1483653871753066,475.17777476524714,0.032749415268857086,0.004352988072355604,bottom_left,True,"multi_predicate [abstract, SMALL]"
corpus_uc_first_call_quadrants_20260620_160209,default,uc1_sql,multi_predicate,abstract,MEDIUM,61.39155300000709,20.6713378232534,23.73824886283195,1.1483653871753066,475.17777476524714,0.289268981688169,0.0499565638871881,bottom_left,True,"multi_predicate [abstract, MEDIUM]"
corpus_uc_first_call_quadrants_20260620_160209,default,uc1_sql,multi_predicate,abstract,LARGE,61.24733000000049,62.056247181978755,71.26535539864562,1.1483653871753066,475.17777476524714,0.5779666496898763,0.14997619666419157,bottom_left,True,"multi_predicate [abstract, LARGE]"
corpus_uc_first_call_quadrants_20260620_160209,default,uc1_sql,multi_predicate,abstract,EXTRALARGE,61.26066500000604,131.6886087995954,151.25239579938352,1.1483653871753066,475.17777476524714,0.7838972016887474,0.31830696600678976,bottom_left,True,"multi_predicate [abstract, EXTRALARGE]"
corpus_uc_first_call_quadrants_20260620_160209,default,uc1_sql,multi_predicate,tradeoff,SMALL,61.08715299999545,8.911850987202248,9.358091920148581,1.0455721798674114,1393.413369767701,0.13368892965762924,0.00671594813368892,bottom_left,True,"multi_predicate [tradeoff, SMALL]"
corpus_uc_first_call_quadrants_20260620_160209,default,uc1_sql,multi_predicate,tradeoff,MEDIUM,60.73314300000021,92.04676962690428,96.24154156855573,1.0455721798674114,1393.413369767701,0.6299358332766033,0.06906890923875689,bottom_left,True,"multi_predicate [tradeoff, MEDIUM]"
corpus_uc_first_call_quadrants_20260620_160209,default,uc1_sql,multi_predicate,tradeoff,LARGE,60.73795799999715,275.6458173389547,288.7572835024912,1.0455721798674114,1393.413369767701,0.8584162039668216,0.20723016569780048,bottom_left,True,"multi_predicate [tradeoff, LARGE]"
corpus_uc_first_call_quadrants_20260620_160209,default,uc1_sql,multi_predicate,tradeoff,EXTRALARGE,61.177572000005405,589.1306479752529,615.8164119988214,1.0455721798674114,1393.413369767701,0.9469608303924727,0.44194811486664975,bottom_left,True,"multi_predicate [tradeoff, EXTRALARGE]"
corpus_uc_first_call_quadrants_20260620_160209,default,uc2_conv,box_filter,low,SMALL,67.99852899999337,101.21448699750805,292.5397695071297,2.8901805249416954,103.73047500074965,1.728825455787924,2.820191168555003,top_right,True,"box_filter [low, SMALL]"
corpus_uc_first_call_quadrants_20260620_160209,default,uc2_conv,box_filter,low,MEDIUM,67.83981899999958,607.4799569905736,1755.7267409865744,2.8901805249416954,103.73047500074965,2.5998449970034385,16.925852706004537,top_right,True,"box_filter [low, MEDIUM]"
corpus_uc_first_call_quadrants_20260620_160209,default,uc2_conv,box_filter,low,LARGE,67.67821600001866,5870.1458769792225,16965.494757983834,2.8901805249416954,103.73047500074965,2.857190528436752,163.55362064871704,top_right,True,"box_filter [low, LARGE]"
corpus_uc_first_call_quadrants_20260620_160209,default,uc2_conv,box_filter,low,EXTRALARGE,67.85282800001369,5869.337410986191,16967.932061990723,2.8901805249416954,103.73047500074965,2.857906076610416,163.57711715740334,top_right,True,"box_filter [low, EXTRALARGE]"
corpus_uc_first_call_quadrants_20260620_160209,default,uc2_conv,box_filter,abstract,SMALL,68.84268400006022,101.1789872884817,292.71964950021356,2.8904740004227785,104.36696437296516,1.7216608170110401,2.8047155654940044,top_right,True,"box_filter [abstract, SMALL]"
corpus_uc_first_call_quadrants_20260620_160209,default,uc2_conv,box_filter,abstract,MEDIUM,68.25974999992468,607.2352519840933,1755.1977080001961,2.8904740004227785,104.36696437296516,2.5983874090036916,16.817560216926807,top_right,True,"box_filter [abstract, MEDIUM]"
corpus_uc_first_call_quadrants_20260620_160209,default,uc2_conv,box_filter,abstract,LARGE,68.57722200004447,5867.875007999828,16963.418739003828,2.8904740004227785,104.36696437296516,2.857501093545259,162.53628570036258,top_right,True,"box_filter [abstract, LARGE]"
corpus_uc_first_call_quadrants_20260620_160209,default,uc2_conv,box_filter,abstract,EXTRALARGE,68.48285199998827,5870.045855990611,16965.601236006478,2.8904740004227785,104.36696437296516,2.856869448686571,162.55719746124174,top_right,True,"box_filter [abstract, EXTRALARGE]"
corpus_uc_first_call_quadrants_20260620_160209,default,uc2_conv,box_filter,tradeoff,SMALL,68.29769199998736,101.19032785795363,292.14963600679766,2.886372703217462,104.1155007665692,1.723718503830934,2.8060147994851214,top_right,True,"box_filter [tradeoff, SMALL]"
corpus_uc_first_call_quadrants_20260620_160209,default,uc2_conv,box_filter,tradeoff,MEDIUM,68.0441020000444,607.3905559896957,1753.1555210007355,2.886372703217462,104.1155007665692,2.5955960362154915,16.838563980318117,top_right,True,"box_filter [tradeoff, MEDIUM]"
corpus_uc_first_call_quadrants_20260620_160209,default,uc2_conv,box_filter,tradeoff,LARGE,68.3743029999846,5870.027234981535,16944.75503001013,2.886372703217462,104.1155007665692,2.8534202211879567,162.7495896888677,top_right,True,"box_filter [tradeoff, LARGE]"
corpus_uc_first_call_quadrants_20260620_160209,default,uc2_conv,box_filter,tradeoff,EXTRALARGE,68.04938599998422,5870.631210011197,16944.014546985272,2.886372703217462,104.1155007665692,2.85316145110852,162.74247755840295,top_right,True,"box_filter [tradeoff, EXTRALARGE]"
corpus_uc_first_call_quadrants_20260620_160209,default,uc2_conv,edge_detection,low,SMALL,69.6563509999919,43.28494306355424,61.16550418400121,1.4132488847189741,237.14284872267723,0.5415690044208861,0.2579268340304463,bottom_left,True,"edge_detection [low, SMALL]"
corpus_uc_first_call_quadrants_20260620_160209,default,uc2_conv,edge_detection,low,MEDIUM,69.3430709999916,259.7088339971379,367.03321999812033,1.4132488847189741,237.14284872267723,1.1154265160729648,1.547730500730137,top_right,True,"edge_detection [low, MEDIUM]"
corpus_uc_first_call_quadrants_20260620_160209,default,uc2_conv,edge_detection,low,LARGE,69.37409300002173,2510.154169984162,3547.497439023573,1.4132488847189741,237.14284872267723,1.3752504634004565,14.959327081256982,top_right,True,"edge_detection [low, LARGE]"
corpus_uc_first_call_quadrants_20260620_160209,default,uc2_conv,edge_detection,low,EXTRALARGE,69.49826599998232,2510.0785569811705,3547.5228990253527,1.4132488847189741,237.14284872267723,1.3752344444332418,14.95943444271408,top_right,True,"edge_detection [low, EXTRALARGE]"
corpus_uc_first_call_quadrants_20260620_160209,default,uc2_conv,edge_detection,abstract,SMALL,83.94973500003289,67.0981097006006,78.44995999928668,1.169514587799316,576.7336937035252,0.519371594839828,0.1360245826726651,bottom_left,True,"edge_detection [abstract, SMALL]"
corpus_uc_first_call_quadrants_20260620_160209,default,uc2_conv,edge_detection,abstract,MEDIUM,83.59431799999584,402.4573659989983,470.67976050311694,1.169514587799316,576.7336937035252,0.9683738910862224,0.8161128188655367,bottom_left,True,"edge_detection [abstract, MEDIUM]"
corpus_uc_first_call_quadrants_20260620_160209,default,uc2_conv,edge_detection,abstract,LARGE,83.68392600004881,3890.2327790274285,4549.435295979492,1.169514587799316,576.7336937035252,1.1448240196438733,7.8882772857695524,top_right,True,"edge_detection [abstract, LARGE]"
corpus_uc_first_call_quadrants_20260620_160209,default,uc2_conv,edge_detection,abstract,EXTRALARGE,83.78329099991788,3891.1946740117855,4549.819709005533,1.169514587799316,576.7336937035252,1.144615076876819,7.888943820480871,top_right,True,"edge_detection [abstract, EXTRALARGE]"
corpus_uc_first_call_quadrants_20260620_160209,default,uc2_conv,edge_detection,tradeoff,SMALL,71.52608400002691,67.17523780243936,77.72921844540784,1.1559835484084346,527.4773745823543,0.5604071932069051,0.14736028916302282,bottom_left,True,"edge_detection [tradeoff, SMALL]"
corpus_uc_first_call_quadrants_20260620_160209,default,uc2_conv,edge_detection,tradeoff,MEDIUM,71.17557399999441,402.96508600295056,465.8210100024008,1.1559835484084346,527.4773745823543,0.982453202810127,0.883110882947782,bottom_left,True,"edge_detection [tradeoff, MEDIUM]"
corpus_uc_first_call_quadrants_20260620_160209,default,uc2_conv,edge_detection,tradeoff,LARGE,71.35610199998155,3894.0795659727883,4502.882661006879,1.1559835484084346,527.4773745823543,1.1355328992914582,8.536636599005158,top_right,True,"edge_detection [tradeoff, LARGE]"
corpus_uc_first_call_quadrants_20260620_160209,default,uc2_conv,edge_detection,tradeoff,EXTRALARGE,71.5066330000127,3893.9919190015644,4505.878511990886,1.1559835484084346,527.4773745823543,1.136270371279433,8.542316180970886,top_right,True,"edge_detection [tradeoff, EXTRALARGE]"
corpus_uc_first_call_quadrants_20260620_160209,default,uc2_conv,separable_gaussian,low,SMALL,82.99831700000482,87.87429537551361,165.5728289988474,1.881288073627726,176.00052707390557,0.9689840091809215,0.9407518929151877,bottom_left,True,"separable_gaussian [low, SMALL]"
corpus_uc_first_call_quadrants_20260620_160209,default,uc2_conv,separable_gaussian,low,MEDIUM,82.44732299999669,528.0271819792688,993.3712400088552,1.881288073627726,176.00052707390557,1.6272116720789096,5.644137870062866,top_right,True,"separable_gaussian [low, MEDIUM]"
corpus_uc_first_call_quadrants_20260620_160209,default,uc2_conv,separable_gaussian,low,LARGE,82.50654299999383,5099.830649996875,9588.219009019667,1.881288073627726,176.00052707390557,1.850172740974221,54.478353948300466,top_right,True,"separable_gaussian [low, LARGE]"
corpus_uc_first_call_quadrants_20260620_160209,default,uc2_conv,separable_gaussian,low,EXTRALARGE,82.54509399998256,5110.563463007566,9595.534379011951,1.881288073627726,176.00052707390557,1.847743846229403,54.51991842605463,top_right,True,"separable_gaussian [low, EXTRALARGE]"
corpus_uc_first_call_quadrants_20260620_160209,default,uc2_conv,separable_gaussian,abstract,SMALL,79.73078700001679,81.31367488790096,158.6486562518985,1.9464643797233636,163.50184409403812,0.9851233280056122,0.9703172287197672,bottom_left,True,"separable_gaussian [abstract, SMALL]"
corpus_uc_first_call_quadrants_20260620_160209,default,uc2_conv,separable_gaussian,abstract,MEDIUM,79.50244200003453,488.5181095014559,950.8830989943816,1.9464643797233636,163.50184409403812,1.6740293929169332,5.815733175752324,top_right,True,"separable_gaussian [abstract, MEDIUM]"
corpus_uc_first_call_quadrants_20260620_160209,default,uc2_conv,separable_gaussian,abstract,LARGE,79.51303099991947,4719.323687982978,9195.579199003987,1.9464643797233636,163.50184409403812,1.9162100603733332,56.241440272166884,top_right,True,"separable_gaussian [abstract, LARGE]"
corpus_uc_first_call_quadrants_20260620_160209,default,uc2_conv,separable_gaussian,abstract,EXTRALARGE,79.55435200005923,4718.06217401172,9197.085988998879,1.9464643797233636,163.50184409403812,1.9170114866692656,56.2506560091712,top_right,True,"separable_gaussian [abstract, EXTRALARGE]"
corpus_uc_first_call_quadrants_20260620_160209,default,uc2_conv,separable_gaussian,tradeoff,SMALL,77.06351199999517,90.77163249821751,165.1354737477959,1.829088388105412,169.69660230396153,0.9839147470663063,0.9731218628172903,bottom_left,True,"separable_gaussian [tradeoff, SMALL]"
corpus_uc_first_call_quadrants_20260620_160209,default,uc2_conv,separable_gaussian,tradeoff,MEDIUM,76.92000199995164,543.4942129941192,994.0989539900329,1.829088388105412,169.69660230396153,1.6023149211684864,5.858095804472249,top_right,True,"separable_gaussian [tradeoff, MEDIUM]"
corpus_uc_first_call_quadrants_20260620_160209,default,uc2_conv,separable_gaussian,tradeoff,LARGE,77.24095800000441,5231.812646001345,9614.083558000857,1.829088388105412,169.69660230396153,1.8108846274889514,56.654543623566816,top_right,True,"separable_gaussian [tradeoff, LARGE]"
corpus_uc_first_call_quadrants_20260620_160209,default,uc2_conv,separable_gaussian,tradeoff,EXTRALARGE,76.91938099998197,5239.3443990149535,9603.573405998759,1.829088388105412,169.69660230396153,1.806451636598773,56.59260866517989,top_right,True,"separable_gaussian [tradeoff, EXTRALARGE]"
corpus_uc_first_call_quadrants_20260620_160209,default,uc7_dfa,email_match,low,SMALL,61.36823900010313,18.209844657624338,22.24772332251192,1.219817649289002,340.2763168825301,0.27957098612981673,0.0653813451560082,bottom_left,True,"email_match [low, SMALL]"
corpus_uc_first_call_quadrants_20260620_160209,default,uc7_dfa,email_match,low,MEDIUM,61.3196079999625,183.2564239957719,223.53942033563118,1.219817649289002,340.2763168825301,0.9139874357742866,0.6569349944292516,bottom_left,True,"email_match [low, MEDIUM]"
corpus_uc_first_call_quadrants_20260620_160209,default,uc7_dfa,email_match,low,LARGE,61.426284999924974,1832.9018490039743,2234.086092998041,1.219817649289002,340.2763168825301,1.1793553888026889,6.565505685102646,top_right,True,"email_match [low, LARGE]"
corpus_uc_first_call_quadrants_20260620_160209,default,uc7_dfa,email_match,low,EXTRALARGE,61.41845599995577,3665.3949939936865,4470.106482011033,1.219817649289002,340.2763168825301,1.199444657477733,13.136695856368398,top_right,True,"email_match [low, EXTRALARGE]"
corpus_uc_first_call_quadrants_20260620_160209,default,uc7_dfa,email_match,abstract,SMALL,61.40195800003312,18.20684094701918,18.06794789706309,0.9924798812442687,,0.22695918210096422,,undefined,False,"email_match [abstract, SMALL]"
corpus_uc_first_call_quadrants_20260620_160209,default,uc7_dfa,email_match,abstract,MEDIUM,60.96335300003375,183.2442147497204,181.86619649350177,0.9924798812442687,,0.7447197405440964,,undefined,False,"email_match [abstract, MEDIUM]"
corpus_uc_first_call_quadrants_20260620_160209,default,uc7_dfa,email_match,abstract,LARGE,61.19607400000859,1832.3289509862661,1818.6168159882072,0.9924798812442687,,0.960439810401444,,undefined,False,"email_match [abstract, LARGE]"
corpus_uc_first_call_quadrants_20260620_160209,default,uc7_dfa,email_match,abstract,EXTRALARGE,61.51943100007884,3665.0808110134676,3636.279252008535,0.9924798812442687,,0.9757631663877612,,undefined,False,"email_match [abstract, EXTRALARGE]"
corpus_uc_first_call_quadrants_20260620_160209,default,uc7_dfa,email_match,tradeoff,SMALL,57.1679420000919,18.211699473843176,18.195747236237175,0.9990720642702442,,0.24138808410927423,,undefined,False,"email_match [tradeoff, SMALL]"
corpus_uc_first_call_quadrants_20260620_160209,default,uc7_dfa,email_match,tradeoff,MEDIUM,57.0445829999926,183.25300325523133,183.08295624592574,0.9990720642702442,,0.761900937496186,,undefined,False,"email_match [tradeoff, MEDIUM]"
corpus_uc_first_call_quadrants_20260620_160209,default,uc7_dfa,email_match,tradeoff,LARGE,56.79094200002055,1832.6712590060197,1831.0707790078595,0.9990720642702442,,0.9690962740788939,,undefined,False,"email_match [tradeoff, LARGE]"
corpus_uc_first_call_quadrants_20260620_160209,default,uc7_dfa,email_match,tradeoff,EXTRALARGE,57.07705600002555,3664.732905017445,3661.886139016133,0.9990720642702442,,0.9838992794825677,,undefined,False,"email_match [tradeoff, EXTRALARGE]"
corpus_uc_first_call_quadrants_20260620_160209,default,uc7_dfa,multi_pattern_match,low,SMALL,58.609092999972745,17.112574683468242,21.382939363265354,1.2481152382987124,293.73607728514855,0.2823886480242092,0.07279643536094327,bottom_left,True,"multi_pattern_match [low, SMALL]"
corpus_uc_first_call_quadrants_20260620_160209,default,uc7_dfa,multi_pattern_match,low,MEDIUM,58.39236200006326,171.89960650284772,214.55051833375668,1.2481152382987124,293.73607728514855,0.9316456832103751,0.7304193625677062,bottom_left,True,"multi_pattern_match [low, MEDIUM]"
corpus_uc_first_call_quadrants_20260620_160209,default,uc7_dfa,multi_pattern_match,low,LARGE,58.32801400003973,1719.2843060183804,2145.6008900131565,1.2481152382987124,293.73607728514855,1.2070128373046622,7.304519451079492,top_right,True,"multi_pattern_match [low, LARGE]"
corpus_uc_first_call_quadrants_20260620_160209,default,uc7_dfa,multi_pattern_match,low,EXTRALARGE,58.18736799994895,3437.8530160174705,4291.578025004128,1.2481152382987124,293.73607728514855,1.2275539048758153,14.610319796835908,top_right,True,"multi_pattern_match [low, EXTRALARGE]"
corpus_uc_first_call_quadrants_20260620_160209,default,uc7_dfa,multi_pattern_match,abstract,SMALL,58.45646700004181,17.491856749984436,17.483937700308157,1.0003980617600243,146174.47953087962,0.23020834215978486,0.00011961005612210608,bottom_left,True,"multi_pattern_match [abstract, SMALL]"
corpus_uc_first_call_quadrants_20260620_160209,default,uc7_dfa,multi_pattern_match,abstract,MEDIUM,58.16331799996988,176.06376000185264,176.1338442520355,1.0003980617600243,146174.47953087962,0.7519790015510717,0.0012049561921978788,bottom_left,True,"multi_pattern_match [abstract, MEDIUM]"
corpus_uc_first_call_quadrants_20260620_160209,default,uc7_dfa,multi_pattern_match,abstract,LARGE,58.20204500003001,1760.8677500102203,1761.3988300145138,1.0003980617600243,146174.47953087962,0.9682964528607262,0.012049975041247985,bottom_left,True,"multi_pattern_match [abstract, LARGE]"
corpus_uc_first_call_quadrants_20260620_160209,default,uc7_dfa,multi_pattern_match,abstract,EXTRALARGE,58.24140700008229,3520.446311973501,3522.849105997011,1.0003980617600243,146174.47953087962,0.9843969026186539,0.024100302031537613,bottom_left,True,"multi_pattern_match [abstract, EXTRALARGE]"
corpus_uc_first_call_quadrants_20260620_160209,default,uc7_dfa,multi_pattern_match,tradeoff,SMALL,57.98990900007084,17.483725200145276,19.573896166952586,1.118579829211696,544.521181350673,0.25934747113180007,0.03594698762387895,bottom_left,True,"multi_pattern_match [tradeoff, SMALL]"
corpus_uc_first_call_quadrants_20260620_160209,default,uc7_dfa,multi_pattern_match,tradeoff,MEDIUM,57.724291999988964,176.0665780020645,196.94452275143703,1.118579829211696,544.521181350673,0.8423961241502169,0.3616838600528273,bottom_left,True,"multi_pattern_match [tradeoff, MEDIUM]"
corpus_uc_first_call_quadrants_20260620_160209,default,uc7_dfa,multi_pattern_match,tradeoff,LARGE,57.502773000010166,1760.600027977489,1969.982403999893,1.118579829211696,544.521181350673,1.083537412153337,3.617825112171751,top_right,True,"multi_pattern_match [tradeoff, LARGE]"
corpus_uc_first_call_quadrants_20260620_160209,default,uc7_dfa,multi_pattern_match,tradeoff,EXTRALARGE,57.93026399999235,3520.8880529971793,3939.526564994594,1.118579829211696,544.521181350673,1.1007897624431733,7.234845401647523,top_right,True,"multi_pattern_match [tradeoff, EXTRALARGE]"
corpus_uc_first_call_quadrants_20260620_160209,default,uc7_dfa,url_match,low,SMALL,60.74314499994671,18.211224736756105,22.299656096184926,1.222869976862259,330.2936979248457,0.28243726307422706,0.0675146278487546,bottom_left,True,"url_match [low, SMALL]"
corpus_uc_first_call_quadrants_20260620_160209,default,uc7_dfa,url_match,low,MEDIUM,60.19654600004287,183.26992449874524,224.11528833132857,1.222869976862259,330.2936979248457,0.9205180814926388,0.6785333469557245,bottom_left,True,"url_match [low, MEDIUM]"
corpus_uc_first_call_quadrants_20260620_160209,default,uc7_dfa,url_match,low,LARGE,60.345544000028895,1832.81928600627,2240.0454160233494,1.222869976862259,330.2936979248457,1.1832278840801709,6.781980492201352,top_right,True,"url_match [low, LARGE]"
corpus_uc_first_call_quadrants_20260620_160209,default,uc7_dfa,url_match,low,EXTRALARGE,60.17650300009336,3664.669916004641,4480.903454998042,1.222869976862259,330.2936979248457,1.20297670049852,13.566421288539443,top_right,True,"url_match [low, EXTRALARGE]"
corpus_uc_first_call_quadrants_20260620_160209,default,uc7_dfa,url_match,abstract,SMALL,60.57592800004841,18.20928205300956,18.198739815393072,0.9993789022136388,,0.23099182959767595,,undefined,False,"url_match [abstract, SMALL]"
corpus_uc_first_call_quadrants_20260620_160209,default,uc7_dfa,url_match,abstract,MEDIUM,60.255660999928295,183.28112349990988,183.1672879998223,0.9993789022136388,,0.752113436892093,,undefined,False,"url_match [abstract, MEDIUM]"
corpus_uc_first_call_quadrants_20260620_160209,default,uc7_dfa,url_match,abstract,LARGE,60.24292899996908,1832.4322109983768,1831.7830649903044,0.9993789022136388,,0.9678275084185368,,undefined,False,"url_match [abstract, LARGE]"
corpus_uc_first_call_quadrants_20260620_160209,default,uc7_dfa,url_match,abstract,EXTRALARGE,59.93706499998552,3664.752076001605,3662.4435109843034,0.9993789022136388,,0.9832883691333906,,undefined,False,"url_match [abstract, EXTRALARGE]"
corpus_uc_first_call_quadrants_20260620_160209,default,uc7_dfa,url_match,tradeoff,SMALL,60.59538199997405,18.208084447235848,18.207317736692186,1.0000277345175514,2174121.009431299,0.23104716781576087,8.374565011657198e-06,bottom_left,True,"url_match [tradeoff, SMALL]"
corpus_uc_first_call_quadrants_20260620_160209,default,uc7_dfa,url_match,tradeoff,MEDIUM,60.29652500001248,183.2371682539815,183.24225024844054,1.0000277345175514,2174121.009431299,0.7524307942775197,8.428337220124311e-05,bottom_left,True,"url_match [tradeoff, MEDIUM]"
corpus_uc_first_call_quadrants_20260620_160209,default,uc7_dfa,url_match,tradeoff,LARGE,60.35050000002684,1832.4354990036227,1832.7747550210916,1.0000277345175514,2174121.009431299,0.9682947549199183,0.0008429957426797068,bottom_left,True,"url_match [tradeoff, LARGE]"
corpus_uc_first_call_quadrants_20260620_160209,default,uc7_dfa,url_match,tradeoff,EXTRALARGE,60.41116200003671,3664.7718219901435,3665.0382060033735,1.0000277345175514,2174121.009431299,0.9838545439927937,0.0016857563079996478,bottom_left,True,"url_match [tradeoff, EXTRALARGE]"
corpus_uc_first_call_quadrants_20260620_160209,default,uc8_ivm,apply_row_delta,low,SMALL,68.1139109999549,1.4603349979248985,5.198411134405256,2.8389660647590147,104.77128520890214,0.07471746276005164,0.04961675447657447,bottom_left,True,"apply_row_delta [low, SMALL]"
corpus_uc_first_call_quadrants_20260620_160209,default,uc8_ivm,apply_row_delta,low,MEDIUM,67.86655200005498,19.355166166658616,54.94865992491563,2.8389660647590147,104.77128520890214,0.6299882767717098,0.5244629749015123,bottom_left,True,"apply_row_delta [low, MEDIUM]"
corpus_uc_first_call_quadrants_20260620_160209,default,uc8_ivm,apply_row_delta,low,LARGE,67.85118899995268,58.21100166455532,165.10243899392663,2.8389660647590147,104.77128520890214,1.3096903847507877,1.5758367253463672,top_right,True,"apply_row_delta [low, LARGE]"
corpus_uc_first_call_quadrants_20260620_160209,default,uc8_ivm,apply_row_delta,low,EXTRALARGE,68.08075499998267,81.61532355330161,231.33263166528195,2.8389660647590147,104.77128520890214,1.545348641734387,2.2079774167514574,top_right,True,"apply_row_delta [low, EXTRALARGE]"
corpus_uc_first_call_quadrants_20260620_160209,default,uc8_ivm,apply_row_delta,abstract,SMALL,68.25391000006675,1.450751307880162,5.176089955111548,2.8232164923977625,105.23729202435587,0.07425744359109927,0.04918494058088844,bottom_left,True,"apply_row_delta [abstract, SMALL]"
corpus_uc_first_call_quadrants_20260620_160209,default,uc8_ivm,apply_row_delta,abstract,MEDIUM,67.9616200000055,19.370246500734034,54.686399382682374,2.8232164923977625,105.23729202435587,0.626190662972024,0.51964848515891,bottom_left,True,"apply_row_delta [abstract, MEDIUM]"
corpus_uc_first_call_quadrants_20260620_160209,default,uc8_ivm,apply_row_delta,abstract,LARGE,67.73985099994206,58.39052891678876,164.28158375492785,2.8232164923977625,105.23729202435587,1.3024743433214412,1.5610586380054983,top_right,True,"apply_row_delta [abstract, LARGE]"
corpus_uc_first_call_quadrants_20260620_160209,default,uc8_ivm,apply_row_delta,abstract,EXTRALARGE,67.78628999995817,81.61569524963853,230.16637199907566,2.8232164923977625,105.23729202435587,1.540584428075376,2.187117965234287,top_right,True,"apply_row_delta [abstract, EXTRALARGE]"
corpus_uc_first_call_quadrants_20260620_160209,default,uc8_ivm,apply_row_delta,tradeoff,SMALL,67.95552200003385,1.4572247979231179,5.19562888814053,2.8386986773333063,104.40513834748239,0.07485122153807999,0.049764110946803955,bottom_left,True,"apply_row_delta [tradeoff, SMALL]"
corpus_uc_first_call_quadrants_20260620_160209,default,uc8_ivm,apply_row_delta,tradeoff,MEDIUM,67.62591299991527,19.357920333277434,54.951302845998164,2.8386986773333063,104.40513834748239,0.6317415632340148,0.5263275708050748,bottom_left,True,"apply_row_delta [tradeoff, MEDIUM]"
corpus_uc_first_call_quadrants_20260620_160209,default,uc8_ivm,apply_row_delta,tradeoff,LARGE,67.61623899990354,58.360098085055746,165.11785775219323,2.8386986773333063,104.40513834748239,1.310705340169056,1.5815108371644129,top_right,True,"apply_row_delta [tradeoff, LARGE]"
corpus_uc_first_call_quadrants_20260620_160209,default,uc8_ivm,apply_row_delta,tradeoff,EXTRALARGE,67.53027199999906,81.56351555630357,231.31958833740404,2.8386986773333063,104.40513834748239,1.5515038696702925,2.2155958221857195,top_right,True,"apply_row_delta [tradeoff, EXTRALARGE]"
corpus_uc_first_call_quadrants_20260620_160209,default,uc8_ivm,batch_delta,low,SMALL,58.54833300008977,1.4566453088157099,5.203325007329765,2.8392320402910327,89.6870406976523,0.0867148885637965,0.058016464439616305,bottom_left,True,"batch_delta [low, SMALL]"
corpus_uc_first_call_quadrants_20260620_160209,default,uc8_ivm,batch_delta,low,MEDIUM,58.098554999787666,19.36335611066574,54.97706107696733,2.8392320402910327,89.6870406976523,0.7097302440495589,0.612987792319994,bottom_left,True,"batch_delta [low, MEDIUM]"
corpus_uc_first_call_quadrants_20260620_160209,default,uc8_ivm,batch_delta,low,LARGE,58.360674999903495,58.37121158401714,165.0584407543647,2.8392320402910327,89.6870406976523,1.413996171780375,1.8403822834427113,top_right,True,"batch_delta [low, LARGE]"
corpus_uc_first_call_quadrants_20260620_160209,default,uc8_ivm,batch_delta,low,EXTRALARGE,58.204939999995986,81.8322034449213,231.22828833099146,2.8392320402910327,89.6870406976523,1.651192552509782,2.5781683343806017,top_right,True,"batch_delta [low, EXTRALARGE]"
corpus_uc_first_call_quadrants_20260620_160209,default,uc8_ivm,batch_delta,abstract,SMALL,58.60046099996907,1.4577663728389247,5.198102664209403,2.8396036667053477,90.32793675103602,0.08655105039884842,0.05754700983081829,bottom_left,True,"batch_delta [abstract, SMALL]"
corpus_uc_first_call_quadrants_20260620_160209,default,uc8_ivm,batch_delta,abstract,MEDIUM,58.517885999890495,19.371270915952564,55.00673192168156,2.8396036667053477,90.32793675103602,0.7062180937600174,0.6089669918321329,bottom_left,True,"batch_delta [abstract, MEDIUM]"
corpus_uc_first_call_quadrants_20260620_160209,default,uc8_ivm,batch_delta,abstract,LARGE,58.06589000007989,58.460690001084,165.1323562473408,2.8396036667053477,90.32793675103602,1.4171217952650066,1.8281426786319992,top_right,True,"batch_delta [abstract, LARGE]"
corpus_uc_first_call_quadrants_20260620_160209,default,uc8_ivm,batch_delta,abstract,EXTRALARGE,58.25892000007116,81.7844293326036,231.37280966814916,2.8396036667053477,90.32793675103602,1.652151357209546,2.561475640762883,top_right,True,"batch_delta [abstract, EXTRALARGE]"
corpus_uc_first_call_quadrants_20260620_160209,default,uc8_ivm,batch_delta,tradeoff,SMALL,58.55279000002156,1.4511392250505817,5.199221791195641,2.841660652557186,89.83522935467107,0.08664802219357311,0.05787508785299609,bottom_left,True,"batch_delta [tradeoff, SMALL]"
corpus_uc_first_call_quadrants_20260620_160209,default,uc8_ivm,batch_delta,tradeoff,MEDIUM,58.22159200010901,19.33920002759098,54.955443770338135,2.841660652557186,89.83522935467107,0.7085467068298039,0.6117359989517372,bottom_left,True,"batch_delta [tradeoff, MEDIUM]"
corpus_uc_first_call_quadrants_20260620_160209,default,uc8_ivm,batch_delta,tradeoff,LARGE,58.43543200012391,58.35216249882554,165.33330499805743,2.841660652557186,89.83522935467107,1.4156752325226174,1.8404061100052256,top_right,True,"batch_delta [tradeoff, LARGE]"
corpus_uc_first_call_quadrants_20260620_160209,default,uc8_ivm,batch_delta,tradeoff,EXTRALARGE,58.312883000098736,81.81530466471385,231.42725932605873,2.841660652557186,89.83522935467107,1.651539659384121,2.5761303331500365,top_right,True,"batch_delta [tradeoff, EXTRALARGE]"
corpus_uc_first_call_quadrants_20260620_160209,default,uc8_ivm,multi_agg_delta,low,SMALL,68.81089299986343,1.6751498345741265,5.428087093605427,2.742033773998945,107.98387928695567,0.07700938902692112,0.0502675689135122,bottom_left,True,"multi_agg_delta [low, SMALL]"
corpus_uc_first_call_quadrants_20260620_160209,default,uc8_ivm,multi_agg_delta,low,MEDIUM,68.60293499994441,20.9408653635447,57.42056008360426,2.742033773998945,107.98387928695567,0.6412566794185017,0.5317512249306697,bottom_left,True,"multi_agg_delta [low, MEDIUM]"
corpus_uc_first_call_quadrants_20260620_160209,default,uc8_ivm,multi_agg_delta,low,LARGE,68.51446199993916,63.036067091161385,172.40030224638758,2.742033773998945,107.98387928695567,1.3105253429045354,1.5965374034049298,top_right,True,"multi_agg_delta [low, LARGE]"
corpus_uc_first_call_quadrants_20260620_160209,default,uc8_ivm,multi_agg_delta,low,EXTRALARGE,68.52272800006176,88.22084412531694,241.56961066182703,2.742033773998945,107.98387928695567,1.5411771429363383,2.237089575378946,top_right,True,"multi_agg_delta [low, EXTRALARGE]"
corpus_uc_first_call_quadrants_20260620_160209,default,uc8_ivm,multi_agg_delta,abstract,SMALL,69.47662900006435,1.7632948661092527,9.971636742868993,4.716359920207548,88.1985086349408,0.13997259123410943,0.11305901763194465,bottom_left,True,"multi_agg_delta [abstract, SMALL]"
corpus_uc_first_call_quadrants_20260620_160209,default,uc8_ivm,multi_agg_delta,abstract,MEDIUM,69.49796200001401,21.767668625216174,102.66415986032891,4.716359920207548,88.1985086349408,1.1248939952204486,1.1640124243513272,top_right,True,"multi_agg_delta [abstract, MEDIUM]"
corpus_uc_first_call_quadrants_20260620_160209,default,uc8_ivm,multi_agg_delta,abstract,LARGE,69.52236400002221,65.47755527373573,308.1697390007321,4.716359920207548,88.1985086349408,2.2827401724279097,3.494047051025161,top_right,True,"multi_agg_delta [abstract, LARGE]"
corpus_uc_first_call_quadrants_20260620_160209,default,uc8_ivm,multi_agg_delta,abstract,EXTRALARGE,69.43133499999021,91.94548762388877,431.52244150405755,4.716359920207548,88.1985086349408,2.674005067690588,4.892627417206749,top_right,True,"multi_agg_delta [abstract, EXTRALARGE]"
corpus_uc_first_call_quadrants_20260620_160209,default,uc8_ivm,multi_agg_delta,tradeoff,SMALL,69.10939099998359,1.6778749136708686,5.367159761506348,2.6949003445914506,109.67784887061163,0.07582097842362144,0.04893567677314729,bottom_left,True,"multi_agg_delta [tradeoff, SMALL]"
corpus_uc_first_call_quadrants_20260620_160209,default,uc8_ivm,multi_agg_delta,tradeoff,MEDIUM,68.97955400017963,21.052814605575282,56.73523733518475,2.6949003445914506,109.67784887061163,0.6301648864046236,0.5172898440241661,bottom_left,True,"multi_agg_delta [tradeoff, MEDIUM]"
corpus_uc_first_call_quadrants_20260620_160209,default,uc8_ivm,multi_agg_delta,tradeoff,LARGE,68.99810600020828,63.25959736502475,170.51930425077444,2.6949003445914506,109.67784887061163,1.2892958210523362,1.5547287442876296,top_right,True,"multi_agg_delta [tradeoff, LARGE]"
corpus_uc_first_call_quadrants_20260620_160209,default,uc8_ivm,multi_agg_delta,tradeoff,EXTRALARGE,68.78412600008232,88.59804862368037,238.84363833349198,2.6949003445914506,109.67784887061163,1.5176028600727547,2.1776834683843855,top_right,True,"multi_agg_delta [tradeoff, EXTRALARGE]"
corpus_uc_first_call_quadrants_20260620_160209,per_uc_best,uc12_groupby,grouped_count,low,SMALL,73.01155299978745,1.2348193644556005,5.2534630977289565,3.237020698098223,105.60691140464787,0.07075716874026046,0.049745447791760204,bottom_left,True,"grouped_count [low, SMALL]"
corpus_uc_first_call_quadrants_20260620_160209,per_uc_best,uc12_groupby,grouped_count,low,MEDIUM,72.98218599999018,16.982564682754255,54.972913384867404,3.237020698098223,105.60691140464787,0.611049471795084,0.5205427623409123,bottom_left,True,"grouped_count [low, MEDIUM]"
corpus_uc_first_call_quadrants_20260620_160209,per_uc_best,uc12_groupby,grouped_count,low,LARGE,72.75766499992642,51.480252285338274,165.12862650415627,3.237020698098223,105.60691140464787,1.3291322819345222,1.563615717075964,top_right,True,"grouped_count [low, LARGE]"
corpus_uc_first_call_quadrants_20260620_160209,per_uc_best,uc12_groupby,grouped_count,low,EXTRALARGE,73.13403300008758,72.08562330051792,231.39747133245692,3.237020698098223,105.60691140464787,1.5934307877265792,2.1911205266275107,top_right,True,"grouped_count [low, EXTRALARGE]"
corpus_uc_first_call_quadrants_20260620_160209,per_uc_best,uc12_groupby,grouped_count,abstract,SMALL,72.98906500000157,1.2381559079698394,5.25962115132257,3.2317489410572424,105.0909126758172,0.07085838708475381,0.050048296445453534,bottom_left,True,"grouped_count [abstract, SMALL]"
corpus_uc_first_call_quadrants_20260620_160209,per_uc_best,uc12_groupby,grouped_count,abstract,MEDIUM,72.57263399992553,17.020536463128447,55.006100690941544,3.2317489410572424,105.0909126758172,0.6139541709111043,0.523414435086538,bottom_left,True,"grouped_count [abstract, MEDIUM]"
corpus_uc_first_call_quadrants_20260620_160209,per_uc_best,uc12_groupby,grouped_count,abstract,LARGE,72.86912800009304,51.419459857113125,165.23345075256657,3.2317489410572424,105.0909126758172,1.3294338088578295,1.5722905677132726,top_right,True,"grouped_count [abstract, LARGE]"
corpus_uc_first_call_quadrants_20260620_160209,per_uc_best,uc12_groupby,grouped_count,abstract,EXTRALARGE,72.70674399978816,72.11999529972672,231.39817967118387,3.2317489410572424,105.0909126758172,1.5977586790284035,2.201885717607167,top_right,True,"grouped_count [abstract, EXTRALARGE]"
corpus_uc_first_call_quadrants_20260620_160209,per_uc_best,uc12_groupby,grouped_count,tradeoff,SMALL,73.03622599988557,1.238355910252619,5.259732780166704,3.2305583863393346,105.3816682558837,0.07081470733191392,0.04991126888782235,bottom_left,True,"grouped_count [tradeoff, SMALL]"
corpus_uc_first_call_quadrants_20260620_160209,per_uc_best,uc12_groupby,grouped_count,tradeoff,MEDIUM,72.76140400017539,17.027173097608838,55.00727684613174,3.2305583863393346,105.3816682558837,0.6126311232911741,0.521981458032769,bottom_left,True,"grouped_count [tradeoff, MEDIUM]"
corpus_uc_first_call_quadrants_20260620_160209,per_uc_best,uc12_groupby,grouped_count,tradeoff,LARGE,72.82844300016222,51.39463153990129,165.20870450040093,3.2305583863393346,105.3816682558837,1.329935723391865,1.5677176802633976,top_right,True,"grouped_count [tradeoff, LARGE]"
corpus_uc_first_call_quadrants_20260620_160209,per_uc_best,uc12_groupby,grouped_count,tradeoff,EXTRALARGE,72.75768099998459,72.12464190088212,231.42243900413936,3.2305583863393346,105.3816682558837,1.5973131460798449,2.196040761493814,top_right,True,"grouped_count [tradeoff, EXTRALARGE]"
corpus_uc_first_call_quadrants_20260620_160209,per_uc_best,uc12_groupby,grouped_minmax,low,SMALL,78.60928499985675,1.5974861046510511,5.293437481043818,2.768585127829961,122.86804534835986,0.06599738910006209,0.043082295856792345,bottom_left,True,"grouped_minmax [low, SMALL]"
corpus_uc_first_call_quadrants_20260620_160209,per_uc_best,uc12_groupby,grouped_minmax,low,MEDIUM,78.48868200017023,19.309240638297826,53.45927646088127,2.768585127829961,122.86804534835986,0.5466299796418527,0.43509503475302813,bottom_left,True,"grouped_minmax [low, MEDIUM]"
corpus_uc_first_call_quadrants_20260620_160209,per_uc_best,uc12_groupby,grouped_minmax,low,LARGE,78.80975400007628,57.89618124981643,159.90150749712484,2.768585127829961,122.86804534835986,1.1696749464815233,1.3014084096785816,top_right,True,"grouped_minmax [low, LARGE]"
corpus_uc_first_call_quadrants_20260620_160209,per_uc_best,uc12_groupby,grouped_minmax,low,EXTRALARGE,78.41160199996011,80.9777345534207,223.75082066476654,2.768585127829961,122.86804534835986,1.4038004392460126,1.8210660064655562,top_right,True,"grouped_minmax [low, EXTRALARGE]"
corpus_uc_first_call_quadrants_20260620_160209,per_uc_best,uc12_groupby,grouped_minmax,abstract,SMALL,78.51529599997775,1.5997704223210851,5.286420129847407,2.76267107208439,122.74417841009301,0.06598534290643751,0.04306860169111462,bottom_left,True,"grouped_minmax [abstract, SMALL]"
corpus_uc_first_call_quadrants_20260620_160209,per_uc_best,uc12_groupby,grouped_minmax,abstract,MEDIUM,78.3146480000596,19.33856880593036,53.42610461565737,2.76267107208439,122.74417841009301,0.5471003041487135,0.43526385778687365,bottom_left,True,"grouped_minmax [abstract, MEDIUM]"
corpus_uc_first_call_quadrants_20260620_160209,per_uc_best,uc12_groupby,grouped_minmax,abstract,LARGE,78.49728199994388,57.830808082750686,159.95747849956388,2.76267107208439,122.74417841009301,1.1733273634401837,1.3031777194771699,top_right,True,"grouped_minmax [abstract, LARGE]"
corpus_uc_first_call_quadrants_20260620_160209,per_uc_best,uc12_groupby,grouped_minmax,abstract,EXTRALARGE,78.27944900009243,80.96396277930278,223.83381300217783,2.76267107208439,122.74417841009301,1.405607996594934,1.8235798707645463,top_right,True,"grouped_minmax [abstract, EXTRALARGE]"
corpus_uc_first_call_quadrants_20260620_160209,per_uc_best,uc12_groupby,grouped_minmax,tradeoff,SMALL,79.1219860000183,1.5938416407368992,5.242659572604332,2.7626691805493113,123.35180764392506,0.0649520636267031,0.04250168418883748,bottom_left,True,"grouped_minmax [tradeoff, SMALL]"
corpus_uc_first_call_quadrants_20260620_160209,per_uc_best,uc12_groupby,grouped_minmax,tradeoff,MEDIUM,78.70230399998945,19.332360749508048,53.40891722992707,2.7626691805493113,123.35180764392506,0.5447962449445806,0.43298041796112585,bottom_left,True,"grouped_minmax [tradeoff, MEDIUM]"
corpus_uc_first_call_quadrants_20260620_160209,per_uc_best,uc12_groupby,grouped_minmax,tradeoff,LARGE,78.63627300002918,57.86778283315168,159.92317274503876,2.7626691805493113,123.35180764392506,1.171563524386982,1.2964801716297734,top_right,True,"grouped_minmax [tradeoff, LARGE]"
corpus_uc_first_call_quadrants_20260620_160209,per_uc_best,uc12_groupby,grouped_minmax,tradeoff,EXTRALARGE,78.92307099996287,80.96022355473704,223.77444333202828,2.7626691805493113,123.35180764392506,1.3996111598480332,1.8141156388886446,top_right,True,"grouped_minmax [tradeoff, EXTRALARGE]"
corpus_uc_first_call_quadrants_20260620_160209,per_uc_best,uc12_groupby,grouped_sum,low,SMALL,66.40675099993132,1.3849300199570302,5.225636671625647,2.9320762139119183,100.4672614423146,0.07708374527683683,0.05201332848737056,bottom_left,True,"grouped_sum [low, SMALL]"
corpus_uc_first_call_quadrants_20260620_160209,per_uc_best,uc12_groupby,grouped_sum,low,MEDIUM,66.20237399988582,18.755493216008905,54.992535538846056,2.9320762139119183,100.4672614423146,0.6472918558454294,0.5473677170987803,bottom_left,True,"grouped_sum [low, MEDIUM]"
corpus_uc_first_call_quadrants_20260620_160209,per_uc_best,uc12_groupby,grouped_sum,low,LARGE,65.90724299985595,56.26006974974492,165.31514475354925,2.9320762139119183,100.4672614423146,1.353186388673261,1.645462834163828,top_right,True,"grouped_sum [low, LARGE]"
corpus_uc_first_call_quadrants_20260620_160209,per_uc_best,uc12_groupby,grouped_sum,low,EXTRALARGE,66.07519399994999,78.83522355566836,231.42270433406034,2.9320762139119183,100.4672614423146,1.597005296359991,2.3034638449554694,top_right,True,"grouped_sum [low, EXTRALARGE]"
corpus_uc_first_call_quadrants_20260620_160209,per_uc_best,uc12_groupby,grouped_sum,abstract,SMALL,69.30874399995446,1.3795576594457375,5.2149239848753,2.927408141134144,104.78857256834364,0.07377350795613315,0.04976615156651838,bottom_left,True,"grouped_sum [abstract, SMALL]"
corpus_uc_first_call_quadrants_20260620_160209,per_uc_best,uc12_groupby,grouped_sum,abstract,MEDIUM,68.99288999989038,18.754118729407924,54.90095984826509,2.927408141134144,104.78857256834364,0.6256732923812356,0.5239212492608237,bottom_left,True,"grouped_sum [abstract, MEDIUM]"
corpus_uc_first_call_quadrants_20260620_160209,per_uc_best,uc12_groupby,grouped_sum,abstract,LARGE,68.7883820000934,56.461703835035834,165.29892299877247,2.927408141134144,104.78857256834364,1.3197509757906338,1.5774518055483928,top_right,True,"grouped_sum [abstract, LARGE]"
corpus_uc_first_call_quadrants_20260620_160209,per_uc_best,uc12_groupby,grouped_sum,abstract,EXTRALARGE,69.03540999996949,78.87258211202506,231.25938933420306,2.927408141134144,104.78857256834364,1.5635354522228633,2.206914205109288,top_right,True,"grouped_sum [abstract, EXTRALARGE]"
corpus_uc_first_call_quadrants_20260620_160209,per_uc_best,uc12_groupby,grouped_sum,tradeoff,SMALL,66.3299420000385,1.3748098956210628,5.195516081910872,2.9246934287919384,99.93368144860031,0.07673783503287526,0.051989639594966025,bottom_left,True,"grouped_sum [tradeoff, SMALL]"
corpus_uc_first_call_quadrants_20260620_160209,per_uc_best,uc12_groupby,grouped_sum,tradeoff,MEDIUM,65.76473899986013,18.68192432448268,54.63890130900276,2.9246934287919384,99.93368144860031,0.6470226194627209,0.5467516108380899,bottom_left,True,"grouped_sum [tradeoff, MEDIUM]"
corpus_uc_first_call_quadrants_20260620_160209,per_uc_best,uc12_groupby,grouped_sum,tradeoff,LARGE,65.87705800006916,56.43704158380085,164.23395224410342,2.9246934287919384,99.93368144860031,1.3427229796307272,1.6434294210263352,top_right,True,"grouped_sum [tradeoff, LARGE]"
corpus_uc_first_call_quadrants_20260620_160209,per_uc_best,uc12_groupby,grouped_sum,tradeoff,EXTRALARGE,66.02165599997534,78.89187410991225,229.87109367386435,2.9246934287919384,99.93368144860031,1.5862638464438321,2.300236420211296,top_right,True,"grouped_sum [tradeoff, EXTRALARGE]"
corpus_uc_first_call_quadrants_20260620_160209,per_uc_best,uc14_sort,generic_sort,low,SMALL,84.82806300003176,139.4786161952652,200.1652306644246,1.422562291795753,284.4347916493425,0.8923730286700329,0.7037297705520944,bottom_left,True,"generic_sort [low, SMALL]"
corpus_uc_first_call_quadrants_20260620_160209,per_uc_best,uc14_sort,generic_sort,low,MEDIUM,84.48938800006545,1445.0404540111776,2055.6600599957164,1.422562291795753,284.4347916493425,1.343981662556281,7.227175157003928,top_right,True,"generic_sort [low, MEDIUM]"
corpus_uc_first_call_quadrants_20260620_160209,per_uc_best,uc14_sort,generic_sort,low,LARGE,84.46843699994133,14475.044253020314,20170.738530985545,1.422562291795753,284.4347916493425,1.3853992891404583,70.91515919702424,top_right,True,"generic_sort [low, LARGE]"
corpus_uc_first_call_quadrants_20260620_160209,per_uc_best,uc14_sort,generic_sort,low,EXTRALARGE,84.5461690000775,91057.37732598209,127203.42405900008,1.422562291795753,284.4347916493425,1.395663150185801,447.2147142105572,top_right,True,"generic_sort [low, EXTRALARGE]"
corpus_uc_first_call_quadrants_20260620_160209,per_uc_best,uc14_sort,generic_sort,abstract,SMALL,87.15225500009183,125.66741882862213,194.51103625033284,1.5260060054973696,251.8430952734397,0.9139711228337062,0.7723500858307895,bottom_left,True,"generic_sort [abstract, SMALL]"
corpus_uc_first_call_quadrants_20260620_160209,per_uc_best,uc14_sort,generic_sort,abstract,MEDIUM,86.80895099996633,1302.428914961638,1987.5143459648825,1.5260060054973696,251.8430952734397,1.4306508587636018,7.891875470347641,top_right,True,"generic_sort [abstract, MEDIUM]"
corpus_uc_first_call_quadrants_20260620_160209,per_uc_best,uc14_sort,generic_sort,abstract,LARGE,86.93058300013945,13092.867892002687,19771.579796011792,1.5260060054973696,251.8430952734397,1.5001428006286381,78.5075317413198,top_right,True,"generic_sort [abstract, LARGE]"
corpus_uc_first_call_quadrants_20260620_160209,per_uc_best,uc14_sort,generic_sort,abstract,EXTRALARGE,86.96367799984728,81985.54958301247,123049.6353280032,1.5260060054973696,251.8430952734397,1.499279483944555,488.59642228587427,top_right,True,"generic_sort [abstract, EXTRALARGE]"
corpus_uc_first_call_quadrants_20260620_160209,per_uc_best,uc14_sort,generic_sort,tradeoff,SMALL,92.98512600025788,87.1172885017586,157.49533623602474,1.7977010793748744,208.21725700115422,0.8744765397593345,0.7563990540666459,bottom_left,True,"generic_sort [tradeoff, SMALL]"
corpus_uc_first_call_quadrants_20260620_160209,per_uc_best,uc14_sort,generic_sort,tradeoff,MEDIUM,92.39307500001814,893.4654000040609,1606.1837139714044,1.7977010793748744,208.21725700115422,1.6292234176561282,7.713979797373379,top_right,True,"generic_sort [tradeoff, MEDIUM]"
corpus_uc_first_call_quadrants_20260620_160209,per_uc_best,uc14_sort,generic_sort,tradeoff,LARGE,92.11344000004829,8945.549416006543,15985.542996990262,1.7977010793748744,208.21725700115422,1.7687695648400943,76.77338193395587,top_right,True,"generic_sort [tradeoff, LARGE]"
corpus_uc_first_call_quadrants_20260620_160209,per_uc_best,uc14_sort,generic_sort,tradeoff,EXTRALARGE,92.12858899991261,55695.275087986374,99155.83916701144,1.7977010793748744,208.21725700115422,1.7773875934634278,476.21335808137064,top_right,True,"generic_sort [tradeoff, EXTRALARGE]"
corpus_uc_first_call_quadrants_20260620_160209,per_uc_best,uc14_sort,multi_key_sort,low,SMALL,93.20955000021058,120.11740932939574,169.20827599824403,1.3881299985341846,331.80454706839566,0.7931874927106818,0.5099637045159744,bottom_left,True,"multi_key_sort [low, SMALL]"
corpus_uc_first_call_quadrants_20260620_160209,per_uc_best,uc14_sort,multi_key_sort,low,MEDIUM,92.77466700041259,1232.899984024698,1711.425453017,1.3881299985341846,331.80454706839566,1.2909845199903296,5.157932488080761,top_right,True,"multi_key_sort [low, MEDIUM]"
corpus_uc_first_call_quadrants_20260620_160209,per_uc_best,uc14_sort,multi_key_sort,low,LARGE,92.86262099976739,10709.602234011982,14779.1814590164,1.3881299985341846,331.80454706839566,1.368130482938778,44.54182918707841,top_right,True,"multi_key_sort [low, LARGE]"
corpus_uc_first_call_quadrants_20260620_160209,per_uc_best,uc14_sort,multi_key_sort,low,EXTRALARGE,92.87169799972617,58652.07537999959,80538.68526802398,1.3881299985341846,331.80454706839566,1.370989153519668,242.72929946141562,top_right,True,"multi_key_sort [low, EXTRALARGE]"
corpus_uc_first_call_quadrants_20260620_160209,per_uc_best,uc14_sort,multi_key_sort,abstract,SMALL,115.84266399950138,177.62939099338834,194.11314425087767,1.0948661975175245,1335.3628045570376,0.6614365522999478,0.14536359975614888,bottom_left,True,"multi_key_sort [abstract, SMALL]"
corpus_uc_first_call_quadrants_20260620_160209,per_uc_best,uc14_sort,multi_key_sort,abstract,MEDIUM,115.70435900011944,1795.5701129976658,1965.9090219938662,1.0948661975175245,1335.3628045570376,1.0285854024613081,1.4721909396345598,top_right,True,"multi_key_sort [abstract, MEDIUM]"
corpus_uc_first_call_quadrants_20260620_160209,per_uc_best,uc14_sort,multi_key_sort,abstract,LARGE,115.5279779995908,15410.350021003978,16938.385339977685,1.0948661975175245,1335.3628045570376,1.0909776143458534,12.6844819117127,top_right,True,"multi_key_sort [abstract, LARGE]"
corpus_uc_first_call_quadrants_20260620_160209,per_uc_best,uc14_sort,multi_key_sort,abstract,EXTRALARGE,115.5729230003999,83913.88971701963,92201.4881860232,1.0948661975175245,1335.3628045570376,1.0972519077149392,69.04602095503775,top_right,True,"multi_key_sort [abstract, EXTRALARGE]"
corpus_uc_first_call_quadrants_20260620_160209,per_uc_best,uc14_sort,multi_key_sort,tradeoff,SMALL,108.77925499971752,161.81965273426613,176.96878074639244,1.0914220635686795,1294.6531751107386,0.6539892648804195,0.1366920377971153,bottom_left,True,"multi_key_sort [tradeoff, SMALL]"
corpus_uc_first_call_quadrants_20260620_160209,per_uc_best,uc14_sort,multi_key_sort,tradeoff,MEDIUM,108.44554899995273,1638.4100200084504,1788.1968450092245,1.0914220635686795,1294.6531751107386,1.0236661099716955,1.3812168999286396,top_right,True,"multi_key_sort [tradeoff, MEDIUM]"
corpus_uc_first_call_quadrants_20260620_160209,per_uc_best,uc14_sort,multi_key_sort,tradeoff,LARGE,108.42265999963274,14096.495022997262,15443.493075988954,1.0914220635686795,1294.6531751107386,1.0871934227732005,11.928671997168655,top_right,True,"multi_key_sort [tradeoff, LARGE]"
corpus_uc_first_call_quadrants_20260620_160209,per_uc_best,uc14_sort,multi_key_sort,tradeoff,EXTRALARGE,108.54154499975266,76700.98027799395,84163.37258799467,1.0914220635686795,1294.6531751107386,1.0957413949529304,65.00843176072675,top_right,True,"multi_key_sort [tradeoff, EXTRALARGE]"
corpus_uc_first_call_quadrants_20260620_160209,per_uc_best,uc14_sort,struct_sort,low,SMALL,68.88235399992482,118.99423682674144,183.34214099741075,1.5222032162712242,199.5628481593848,0.9758647428649643,0.918718803065894,bottom_left,True,"struct_sort [low, SMALL]"
corpus_uc_first_call_quadrants_20260620_160209,per_uc_best,uc14_sort,struct_sort,low,MEDIUM,68.46153000014965,1175.793102971511,1789.7960430127569,1.5222032162712242,199.5628481593848,1.4384483654589064,8.96858337872238,top_right,True,"struct_sort [low, MEDIUM]"
corpus_uc_first_call_quadrants_20260620_160209,per_uc_best,uc14_sort,struct_sort,low,LARGE,68.32012799986842,7663.784133997979,11605.642338021426,1.5222032162712242,199.5628481593848,1.5009681640043897,58.155325227430865,top_right,True,"struct_sort [low, LARGE]"
corpus_uc_first_call_quadrants_20260620_160209,per_uc_best,uc14_sort,struct_sort,low,EXTRALARGE,68.66414500018436,41863.765831978526,62867.16560201603,1.5222032162712242,199.5628481593848,1.4992492835862525,315.02439548169775,top_right,True,"struct_sort [low, EXTRALARGE]"
corpus_uc_first_call_quadrants_20260620_160209,per_uc_best,uc14_sort,struct_sort,abstract,SMALL,74.09742799973174,177.62962125561899,193.90721225499874,1.0917389137292026,881.8405573599445,0.7703074136395258,0.21988919724390818,bottom_left,True,"struct_sort [abstract, SMALL]"
corpus_uc_first_call_quadrants_20260620_160209,per_uc_best,uc14_sort,struct_sort,abstract,MEDIUM,74.1011370000706,1732.95251201489,1891.9316930114292,1.0917389137292026,881.8405573599445,1.0469704062426348,2.145435109806581,top_right,True,"struct_sort [abstract, MEDIUM]"
corpus_uc_first_call_quadrants_20260620_160209,per_uc_best,uc14_sort,struct_sort,abstract,LARGE,74.20827499981897,11217.628934973618,12242.00604602811,1.0917389137292026,881.8405573599445,1.0841465226947695,13.882335013801413,top_right,True,"struct_sort [abstract, LARGE]"
corpus_uc_first_call_quadrants_20260620_160209,per_uc_best,uc14_sort,struct_sort,abstract,EXTRALARGE,74.35633300019617,60949.74246699712,66553.68569298298,1.0917389137292026,881.8405573599445,1.0906131676128237,75.47133678250351,top_right,True,"struct_sort [abstract, EXTRALARGE]"
corpus_uc_first_call_quadrants_20260620_160209,per_uc_best,uc14_sort,struct_sort,tradeoff,SMALL,73.14311500022086,177.62605749885554,193.51233524503186,1.090371335177076,876.1188115675934,0.771675135809385,0.22087453515441632,bottom_left,True,"struct_sort [tradeoff, SMALL]"
corpus_uc_first_call_quadrants_20260620_160209,per_uc_best,uc14_sort,struct_sort,tradeoff,MEDIUM,72.61381899979824,1733.0597440013662,1889.6786670084111,1.090371335177076,876.1188115675934,1.0465228631179735,2.1568748919194056,top_right,True,"struct_sort [tradeoff, MEDIUM]"
corpus_uc_first_call_quadrants_20260620_160209,per_uc_best,uc14_sort,struct_sort,tradeoff,LARGE,72.59819899991271,11211.781897000037,12225.265562999994,1.090371335177076,876.1188115675934,1.0833794554061118,13.953890045033923,top_right,True,"struct_sort [tradeoff, LARGE]"
corpus_uc_first_call_quadrants_20260620_160209,per_uc_best,uc14_sort,struct_sort,tradeoff,EXTRALARGE,72.63983900020321,60939.147989003686,66455.84315099404,1.090371335177076,876.1188115675934,1.0892295655773487,75.85254679338307,top_right,True,"struct_sort [tradeoff, EXTRALARGE]"
corpus_uc_first_call_quadrants_20260620_160209,per_uc_best,uc1_sql,column_scan,low,SMALL,61.36022100000105,6.076081447597397,6.066186473809036,0.999496239903175,,0.08995431620117045,,undefined,False,"column_scan [low, SMALL]"
corpus_uc_first_call_quadrants_20260620_160209,per_uc_best,uc1_sql,column_scan,low,MEDIUM,61.04874600001153,63.58474281891672,63.55271136271767,0.999496239903175,,0.5099168126076387,,undefined,False,"column_scan [low, MEDIUM]"
corpus_uc_first_call_quadrants_20260620_160209,per_uc_best,uc1_sql,column_scan,low,LARGE,60.67170899999041,190.74410574830836,190.8666839954094,0.999496239903175,,0.7591673745205438,,undefined,False,"column_scan [low, LARGE]"
corpus_uc_first_call_quadrants_20260620_160209,per_uc_best,uc1_sql,column_scan,low,EXTRALARGE,61.09121600000833,407.1310480067041,407.1213404968148,0.999496239903175,,0.8695044464843695,,undefined,False,"column_scan [low, EXTRALARGE]"
corpus_uc_first_call_quadrants_20260620_160209,per_uc_best,uc1_sql,column_scan,abstract,SMALL,60.14925299999163,6.978382539818995,7.399771468121895,1.0602242076973376,1059.777407805182,0.11023435293998098,0.006982382728319293,bottom_left,True,"column_scan [abstract, SMALL]"
corpus_uc_first_call_quadrants_20260620_160209,per_uc_best,uc1_sql,column_scan,abstract,MEDIUM,60.19882799999721,72.21560580073856,76.5647334434713,1.0602242076973376,1059.777407805182,0.5782204495824824,0.07224605174593995,bottom_left,True,"column_scan [abstract, MEDIUM]"
corpus_uc_first_call_quadrants_20260620_160209,per_uc_best,uc1_sql,column_scan,abstract,LARGE,60.26594099999728,216.69021033449098,229.8987199998616,1.0602242076973376,1059.777407805182,0.8300906800304502,0.2169311388473415,bottom_left,True,"column_scan [abstract, LARGE]"
corpus_uc_first_call_quadrants_20260620_160209,per_uc_best,uc1_sql,column_scan,abstract,EXTRALARGE,60.23022699999103,462.07438700366765,490.38912750256713,1.0602242076973376,1059.777407805182,0.9388948792612658,0.4627284219222712,bottom_left,True,"column_scan [abstract, EXTRALARGE]"
corpus_uc_first_call_quadrants_20260620_160209,per_uc_best,uc1_sql,column_scan,tradeoff,SMALL,61.77067000000137,6.081816420957789,6.338196164990323,1.043648676671267,1469.7457236019613,0.09341140611514126,0.0043124440256625245,bottom_left,True,"column_scan [tradeoff, SMALL]"
corpus_uc_first_call_quadrants_20260620_160209,per_uc_best,uc1_sql,column_scan,tradeoff,MEDIUM,61.46939799999984,63.583731272956356,66.35907700084235,1.043648676671267,1469.7457236019613,0.5306470728613192,0.04515003917699019,bottom_left,True,"column_scan [tradeoff, MEDIUM]"
corpus_uc_first_call_quadrants_20260620_160209,per_uc_best,uc1_sql,column_scan,tradeoff,LARGE,61.389822999998955,190.78028974763583,199.394886752998,1.043648676671267,1469.7457236019613,0.790715777458319,0.13566624726373308,bottom_left,True,"column_scan [tradeoff, LARGE]"
corpus_uc_first_call_quadrants_20260620_160209,per_uc_best,uc1_sql,column_scan,tradeoff,EXTRALARGE,61.59028399999045,407.0863140077563,425.2689775021281,1.043648676671267,1469.7457236019613,0.9073825732069064,0.28934867485778787,bottom_left,True,"column_scan [tradeoff, EXTRALARGE]"
corpus_uc_first_call_quadrants_20260620_160209,per_uc_best,uc1_sql,count_matching_rows,low,SMALL,77.32463299999992,0.8682063877129158,0.8864105685481667,0.9968697248677112,,0.011336211544294638,,undefined,False,"count_matching_rows [low, SMALL]"
corpus_uc_first_call_quadrants_20260620_160209,per_uc_best,uc1_sql,count_matching_rows,low,MEDIUM,71.99001899999935,13.490360057823217,13.44813151920859,0.9968697248677112,,0.15732419143943782,,undefined,False,"count_matching_rows [low, MEDIUM]"
corpus_uc_first_call_quadrants_20260620_160209,per_uc_best,uc1_sql,count_matching_rows,low,LARGE,72.24660500000013,40.203469587996715,40.19487261151274,0.9968697248677112,,0.35744638461807854,,undefined,False,"count_matching_rows [low, LARGE]"
corpus_uc_first_call_quadrants_20260620_160209,per_uc_best,uc1_sql,count_matching_rows,low,EXTRALARGE,72.18453000000125,85.31822725126403,85.07077637477778,0.9968697248677112,,0.5401224579139511,,undefined,False,"count_matching_rows [low, EXTRALARGE]"
corpus_uc_first_call_quadrants_20260620_160209,per_uc_best,uc1_sql,count_matching_rows,abstract,SMALL,77.8957850000026,2.679024171728449,1.7080305985723443,0.705965160144546,,0.021198071905227565,,undefined,False,"count_matching_rows [abstract, SMALL]"
corpus_uc_first_call_quadrants_20260620_160209,per_uc_best,uc1_sql,count_matching_rows,abstract,MEDIUM,77.86976200000595,28.9609608335013,20.44542935276267,0.705965160144546,,0.19138155027394424,,undefined,False,"count_matching_rows [abstract, MEDIUM]"
corpus_uc_first_call_quadrants_20260620_160209,per_uc_best,uc1_sql,count_matching_rows,abstract,LARGE,77.54029699999876,86.50745337217813,61.02444645578296,0.705965160144546,,0.3719919737840729,,undefined,False,"count_matching_rows [abstract, LARGE]"
corpus_uc_first_call_quadrants_20260620_160209,per_uc_best,uc1_sql,count_matching_rows,abstract,EXTRALARGE,77.54861099999744,,129.5441718015354,0.705965160144546,,,,undefined,False,"count_matching_rows [abstract, EXTRALARGE]"
corpus_uc_first_call_quadrants_20260620_160209,per_uc_best,uc1_sql,count_matching_rows,tradeoff,SMALL,71.90042599999913,0.8674147855281421,0.88516512674106,0.9863354832376883,,0.01216423515093648,,undefined,False,"count_matching_rows [tradeoff, SMALL]"
corpus_uc_first_call_quadrants_20260620_160209,per_uc_best,uc1_sql,count_matching_rows,tradeoff,MEDIUM,71.62415800000232,13.529548862624877,13.344674115405024,0.9863354832376883,,0.1567127798315709,,undefined,False,"count_matching_rows [tradeoff, MEDIUM]"
corpus_uc_first_call_quadrants_20260620_160209,per_uc_best,uc1_sql,count_matching_rows,tradeoff,LARGE,71.39859200000132,40.1074142941712,40.02716338921649,0.9863354832376883,,0.3589686754955403,,undefined,False,"count_matching_rows [tradeoff, LARGE]"
corpus_uc_first_call_quadrants_20260620_160209,per_uc_best,uc1_sql,count_matching_rows,tradeoff,EXTRALARGE,71.61631099999965,85.35199912512326,84.64223950068117,0.9863354832376883,,0.5392313864703708,,undefined,False,"count_matching_rows [tradeoff, EXTRALARGE]"
corpus_uc_first_call_quadrants_20260620_160209,per_uc_best,uc1_sql,multi_predicate,low,SMALL,60.03163700000158,8.804052088577654,8.846607506481483,1.004610005716002,13044.726637387625,0.12851774455395484,0.0006781750014696461,bottom_left,True,"multi_predicate [low, SMALL]"
corpus_uc_first_call_quadrants_20260620_160209,per_uc_best,uc1_sql,multi_predicate,low,MEDIUM,59.86030799999753,91.13185587557382,91.55197425207007,1.004610005716002,13044.726637387625,0.606335930966031,0.007018312977879661,bottom_left,True,"multi_predicate [low, MEDIUM]"
corpus_uc_first_call_quadrants_20260620_160209,per_uc_best,uc1_sql,multi_predicate,low,LARGE,60.16463099999925,273.56512199427624,274.89422366488725,1.004610005716002,13044.726637387625,0.8237030747138765,0.021073206921562473,bottom_left,True,"multi_predicate [low, LARGE]"
corpus_uc_first_call_quadrants_20260620_160209,per_uc_best,uc1_sql,multi_predicate,low,EXTRALARGE,59.90213599999806,583.5965969890822,586.3642249896657,1.004610005716002,13044.726637387625,0.9112127109652225,0.04495028844139065,bottom_left,True,"multi_predicate [low, EXTRALARGE]"
corpus_uc_first_call_quadrants_20260620_160209,per_uc_best,uc1_sql,multi_predicate,abstract,SMALL,60.90002499999514,2.078318151775637,2.0712255266909736,0.9951650606988601,,0.03288790119008929,,undefined,False,"multi_predicate [abstract, SMALL]"
corpus_uc_first_call_quadrants_20260620_160209,per_uc_best,uc1_sql,multi_predicate,abstract,MEDIUM,60.930501000001414,23.87655399948487,23.761112310176973,0.9951650606988601,,0.280178486451639,,undefined,False,"multi_predicate [abstract, MEDIUM]"
corpus_uc_first_call_quadrants_20260620_160209,per_uc_best,uc1_sql,multi_predicate,abstract,LARGE,60.70173000000523,71.24612030165734,70.92287159757689,0.9951650606988601,,0.5375068364920776,,undefined,False,"multi_predicate [abstract, LARGE]"
corpus_uc_first_call_quadrants_20260620_160209,per_uc_best,uc1_sql,multi_predicate,abstract,EXTRALARGE,60.780946000008385,151.68681460199878,151.01066820207055,0.9951650606988601,,0.7107462693360922,,undefined,False,"multi_predicate [abstract, EXTRALARGE]"
corpus_uc_first_call_quadrants_20260620_160209,per_uc_best,uc1_sql,multi_predicate,tradeoff,SMALL,60.283396999999184,8.815279329207408,9.349335666823512,1.0556733191984493,1136.6319001598165,0.13530412105552503,0.008225473581648506,bottom_left,True,"multi_predicate [tradeoff, SMALL]"
corpus_uc_first_call_quadrants_20260620_160209,per_uc_best,uc1_sql,multi_predicate,tradeoff,MEDIUM,59.94285300000257,91.13896637791186,96.21297514448608,1.0556733191984493,1136.6319001598165,0.6368269560205652,0.0846474352259144,bottom_left,True,"multi_predicate [tradeoff, MEDIUM]"
corpus_uc_first_call_quadrants_20260620_160209,per_uc_best,uc1_sql,multi_predicate,tradeoff,LARGE,60.16012099999557,273.4822516698235,288.63139799796045,1.0556733191984493,1136.6319001598165,0.8650921514804039,0.25393568309791176,bottom_left,True,"multi_predicate [tradeoff, LARGE]"
corpus_uc_first_call_quadrants_20260620_160209,per_uc_best,uc1_sql,multi_predicate,tradeoff,EXTRALARGE,59.95596300000016,583.3074320107698,615.9093549940735,1.0556733191984493,1136.6319001598165,0.9574761439421896,0.5418723114382707,bottom_left,True,"multi_predicate [tradeoff, EXTRALARGE]"
corpus_uc_first_call_quadrants_20260620_160209,per_uc_best,uc2_conv,box_filter,low,SMALL,68.07330799998113,100.95589800039306,292.586116498569,2.8959239526005343,103.45180412867369,1.7309796538825446,2.8282359980368197,top_right,True,"box_filter [low, SMALL]"
corpus_uc_first_call_quadrants_20260620_160209,per_uc_best,uc2_conv,box_filter,low,MEDIUM,67.72855799999888,606.2652989930939,1755.6982009846251,2.8959239526005343,103.45180412867369,2.604917215146989,16.97117044765002,top_right,True,"box_filter [low, MEDIUM]"
corpus_uc_first_call_quadrants_20260620_160209,per_uc_best,uc2_conv,box_filter,low,LARGE,67.56164300000478,5858.849169977475,16968.82291699876,2.8959239526005343,103.45180412867369,2.863254582325095,164.02636048659804,top_right,True,"box_filter [low, LARGE]"
corpus_uc_first_call_quadrants_20260620_160209,per_uc_best,uc2_conv,box_filter,low,EXTRALARGE,67.65249599999379,5857.650749007006,16968.378595018294,2.8959239526005343,103.45180412867369,2.863714799629339,164.0220655206068,top_right,True,"box_filter [low, EXTRALARGE]"
corpus_uc_first_call_quadrants_20260620_160209,per_uc_best,uc2_conv,box_filter,abstract,SMALL,68.41743400002542,100.98973186021404,292.4026664986741,2.896712795439815,103.80433525935034,1.726034816850107,2.816863725085465,top_right,True,"box_filter [abstract, SMALL]"
corpus_uc_first_call_quadrants_20260620_160209,per_uc_best,uc2_conv,box_filter,abstract,MEDIUM,67.96911699996143,605.9844509873074,1755.3629130125046,2.896712795439815,103.80433525935034,2.6045754431641557,16.910304455269728,top_right,True,"box_filter [abstract, MEDIUM]"
corpus_uc_first_call_quadrants_20260620_160209,per_uc_best,uc2_conv,box_filter,abstract,LARGE,68.20523300007153,5858.67022300954,16966.562163986964,2.896712795439815,103.80433525935034,2.8626486738106767,163.44752963926595,top_right,True,"box_filter [abstract, LARGE]"
corpus_uc_first_call_quadrants_20260620_160209,per_uc_best,uc2_conv,box_filter,abstract,EXTRALARGE,68.12826099996983,5857.79765600455,16963.948513992364,2.896712795439815,103.80433525935034,2.862666316045919,163.42235101846876,top_right,True,"box_filter [abstract, EXTRALARGE]"
corpus_uc_first_call_quadrants_20260620_160209,per_uc_best,uc2_conv,box_filter,tradeoff,SMALL,67.96544399998083,100.98738743025542,292.2597635042621,2.8928524003302565,103.71093554052614,1.7298305155953635,2.818022631664127,top_right,True,"box_filter [tradeoff, SMALL]"
corpus_uc_first_call_quadrants_20260620_160209,per_uc_best,uc2_conv,box_filter,tradeoff,MEDIUM,67.86018299999341,605.9734260197729,1752.991679997649,2.8928524003302565,103.71093554052614,2.601520103082639,16.902669625544444,top_right,True,"box_filter [tradeoff, MEDIUM]"
corpus_uc_first_call_quadrants_20260620_160209,per_uc_best,uc2_conv,box_filter,tradeoff,LARGE,67.91083499996375,5857.54884799826,16944.84683900373,2.8928524003302565,103.71093554052614,2.8596678984456116,163.38534360614608,top_right,True,"box_filter [tradeoff, LARGE]"
corpus_uc_first_call_quadrants_20260620_160209,per_uc_best,uc2_conv,box_filter,tradeoff,EXTRALARGE,67.85578200003783,5857.039213995449,16946.027779980795,2.8928524003302565,103.71093554052614,2.8601397647442295,163.39673045721352,top_right,True,"box_filter [tradeoff, EXTRALARGE]"
corpus_uc_first_call_quadrants_20260620_160209,per_uc_best,uc2_conv,edge_detection,low,SMALL,71.46457700002884,33.15922042765167,60.92563209081576,1.8381843560540716,155.46634567525598,0.5823305365390662,0.3918895232674957,bottom_left,True,"edge_detection [low, SMALL]"
corpus_uc_first_call_quadrants_20260620_160209,per_uc_best,uc2_conv,edge_detection,low,MEDIUM,70.89031000003843,198.97379950270985,365.7505255105207,1.8381843560540716,155.46634567525598,1.3553137028278888,2.3526025772453307,top_right,True,"edge_detection [low, MEDIUM]"
corpus_uc_first_call_quadrants_20260620_160209,per_uc_best,uc2_conv,edge_detection,low,LARGE,71.09587000002193,1921.7942710092757,3534.4819750171155,1.8381843560540716,155.46634567525598,1.7735458178477816,22.7347080145569,top_right,True,"edge_detection [low, LARGE]"
corpus_uc_first_call_quadrants_20260620_160209,per_uc_best,uc2_conv,edge_detection,low,EXTRALARGE,71.10582399997156,1921.7605990124866,3534.1040679777507,1.8381843560540716,155.46634567525598,1.7733772957223723,22.73227721811846,top_right,True,"edge_detection [low, EXTRALARGE]"
corpus_uc_first_call_quadrants_20260620_160209,per_uc_best,uc2_conv,edge_detection,abstract,SMALL,97.29992100005802,51.48092035545103,78.19621877731858,1.5190707761092306,283.64301611956853,0.5255798936535798,0.27568533097375925,bottom_left,True,"edge_detection [abstract, SMALL]"
corpus_uc_first_call_quadrants_20260620_160209,per_uc_best,uc2_conv,edge_detection,abstract,MEDIUM,96.92161999998916,308.9400875032879,469.30185849487316,1.5190707761092306,283.64301611956853,1.1563097720695512,1.654551079435148,top_right,True,"edge_detection [abstract, MEDIUM]"
corpus_uc_first_call_quadrants_20260620_160209,per_uc_best,uc2_conv,edge_detection,abstract,LARGE,96.73879199999647,2984.9582689930685,4535.7791489805095,1.5190707761092306,283.64301611956853,1.4718445905642887,15.991153990086154,top_right,True,"edge_detection [abstract, LARGE]"
corpus_uc_first_call_quadrants_20260620_160209,per_uc_best,uc2_conv,edge_detection,abstract,EXTRALARGE,97.11701899993841,2985.0393240049016,4536.8797780247405,1.5190707761092306,283.64301611956853,1.471982363361123,15.995034321988163,top_right,True,"edge_detection [abstract, EXTRALARGE]"
corpus_uc_first_call_quadrants_20260620_160209,per_uc_best,uc2_conv,edge_detection,tradeoff,SMALL,73.6232489999793,51.47126264429451,77.43443666711552,1.502748521597562,219.96216698811452,0.6190074660294665,0.35203525100432215,bottom_left,True,"edge_detection [tradeoff, SMALL]"
corpus_uc_first_call_quadrants_20260620_160209,per_uc_best,uc2_conv,edge_detection,tradeoff,MEDIUM,73.58892899998182,308.9702770084841,464.30462699208874,1.502748521597562,219.96216698811452,1.213680443967185,2.11083857442256,top_right,True,"edge_detection [tradeoff, MEDIUM]"
corpus_uc_first_call_quadrants_20260620_160209,per_uc_best,uc2_conv,edge_detection,tradeoff,LARGE,73.45939900000076,2984.2780079925433,4483.959840988974,1.502748521597562,219.96216698811452,1.4664306459851304,20.385141237635022,top_right,True,"edge_detection [tradeoff, LARGE]"
corpus_uc_first_call_quadrants_20260620_160209,per_uc_best,uc2_conv,edge_detection,tradeoff,EXTRALARGE,73.3445039999765,2984.345350996591,4485.215538996272,1.502748521597562,219.96216698811452,1.466864120200741,20.39084993756507,top_right,True,"edge_detection [tradeoff, EXTRALARGE]"
corpus_uc_first_call_quadrants_20260620_160209,per_uc_best,uc2_conv,separable_gaussian,low,SMALL,95.4068570000004,63.770736456552356,165.82232774817382,2.598269859744998,154.78299885038973,1.0417441559916203,1.0713213271468818,top_right,True,"separable_gaussian [low, SMALL]"
corpus_uc_first_call_quadrants_20260620_160209,per_uc_best,uc2_conv,separable_gaussian,low,MEDIUM,95.21143499998175,383.03670199820766,995.2327179780696,2.598269859744998,154.78299885038973,2.0809965392125247,6.429858094040692,top_right,True,"separable_gaussian [low, MEDIUM]"
corpus_uc_first_call_quadrants_20260620_160209,per_uc_best,uc2_conv,separable_gaussian,low,LARGE,95.18779799998356,3702.804181026295,9585.680452000817,2.598269859744998,154.78299885038973,2.5238811732452304,61.92980187227249,top_right,True,"separable_gaussian [low, LARGE]"
corpus_uc_first_call_quadrants_20260620_160209,per_uc_best,uc2_conv,separable_gaussian,low,EXTRALARGE,95.2756640000132,3702.741658024024,9588.687899988145,2.598269859744998,154.78299885038973,2.524656178997663,61.94923196478695,top_right,True,"separable_gaussian [low, EXTRALARGE]"
corpus_uc_first_call_quadrants_20260620_160209,per_uc_best,uc2_conv,separable_gaussian,abstract,SMALL,105.93835600002421,63.885655365249306,158.52050475223223,2.48059953031933,177.28529627702537,0.9334398797780801,0.8941548345020597,bottom_left,True,"separable_gaussian [abstract, SMALL]"
corpus_uc_first_call_quadrants_20260620_160209,per_uc_best,uc2_conv,separable_gaussian,abstract,MEDIUM,105.8165670000335,383.1663274904713,950.4822120070457,2.48059953031933,177.28529627702537,1.9437944000012508,5.3613144009519305,top_right,True,"separable_gaussian [abstract, MEDIUM]"
corpus_uc_first_call_quadrants_20260620_160209,per_uc_best,uc2_conv,separable_gaussian,abstract,LARGE,105.82482600000276,3702.3639519757126,9187.931443011621,2.48059953031933,177.28529627702537,2.4126775164480074,51.82568230957288,top_right,True,"separable_gaussian [abstract, LARGE]"
corpus_uc_first_call_quadrants_20260620_160209,per_uc_best,uc2_conv,separable_gaussian,abstract,EXTRALARGE,106.0564860000568,3700.097232009284,9196.063887997298,2.48059953031933,177.28529627702537,2.416104174795898,51.87155438783576,top_right,True,"separable_gaussian [abstract, EXTRALARGE]"
corpus_uc_first_call_quadrants_20260620_160209,per_uc_best,uc2_conv,separable_gaussian,tradeoff,SMALL,87.6770140000076,63.86214463749308,165.2466040031868,2.5941460503229377,142.16234007514208,1.0904548071200257,1.1623796000814504,top_right,True,"separable_gaussian [tradeoff, SMALL]"
corpus_uc_first_call_quadrants_20260620_160209,per_uc_best,uc2_conv,separable_gaussian,tradeoff,MEDIUM,87.36113100002285,382.694187501329,992.7646149881184,2.5941460503229377,142.16234007514208,2.1120165561646833,6.983316499034677,top_right,True,"separable_gaussian [tradeoff, MEDIUM]"
corpus_uc_first_call_quadrants_20260620_160209,per_uc_best,uc2_conv,separable_gaussian,tradeoff,LARGE,87.42564200002789,3698.569186992245,9600.477692001732,2.5941460503229377,142.16234007514208,2.535787322920648,67.53179278652316,top_right,True,"separable_gaussian [tradeoff, LARGE]"
corpus_uc_first_call_quadrants_20260620_160209,per_uc_best,uc2_conv,separable_gaussian,tradeoff,EXTRALARGE,87.37234000000171,3700.2511530008633,9594.803860993125,2.5941460503229377,142.16234007514208,2.533198951459491,67.49188185789319,top_right,True,"separable_gaussian [tradeoff, EXTRALARGE]"
corpus_uc_first_call_quadrants_20260620_160209,per_uc_best,uc7_dfa,email_match,low,SMALL,60.69460899993828,18.07459915438906,22.24024467737294,1.2283955977550087,325.26623390967586,0.282346937318439,0.06837551014763155,bottom_left,True,"email_match [low, SMALL]"
corpus_uc_first_call_quadrants_20260620_160209,per_uc_best,uc7_dfa,email_match,low,MEDIUM,60.47675199999958,181.94076924555702,223.49523999340212,1.2283955977550087,325.26623390967586,0.9219434257271067,0.6871147899583858,bottom_left,True,"email_match [low, MEDIUM]"
corpus_uc_first_call_quadrants_20260620_160209,per_uc_best,uc7_dfa,email_match,low,LARGE,60.54544500000247,1819.258808012819,2234.8597630043514,1.2283955977550087,325.26623390967586,1.1888789800440505,6.870863096182791,top_right,True,"email_match [low, LARGE]"
corpus_uc_first_call_quadrants_20260620_160209,per_uc_best,uc7_dfa,email_match,low,EXTRALARGE,60.4749520000496,3637.4253609974403,4470.079914986854,1.2283955977550087,325.26623390967586,1.2088156890750366,13.742834173891422,top_right,True,"email_match [low, EXTRALARGE]"
corpus_uc_first_call_quadrants_20260620_160209,per_uc_best,uc7_dfa,email_match,abstract,SMALL,61.07229700000971,18.07175669222115,18.063881897176497,0.9993643112195055,,0.22824054435500474,,undefined,False,"email_match [abstract, SMALL]"
corpus_uc_first_call_quadrants_20260620_160209,per_uc_best,uc7_dfa,email_match,abstract,MEDIUM,60.524936000092566,181.9137109996518,181.7980704945512,0.9993643112195055,,0.7498724842114092,,undefined,False,"email_match [abstract, MEDIUM]"
corpus_uc_first_call_quadrants_20260620_160209,per_uc_best,uc7_dfa,email_match,abstract,LARGE,60.53250599995863,1819.0261519921478,1818.142861011438,0.9993643112195055,,0.9673243520655654,,undefined,False,"email_match [abstract, LARGE]"
corpus_uc_first_call_quadrants_20260620_160209,per_uc_best,uc7_dfa,email_match,abstract,EXTRALARGE,60.72933899997679,3638.1104750034865,3636.6408269968815,0.9993643112195055,,0.9831841901422435,,undefined,False,"email_match [abstract, EXTRALARGE]"
corpus_uc_first_call_quadrants_20260620_160209,per_uc_best,uc7_dfa,email_match,tradeoff,SMALL,56.294611999987865,18.07043792303795,18.186965692364492,1.0061039274249906,9189.773860254281,0.24456334946577127,0.0019790438773496935,bottom_left,True,"email_match [tradeoff, SMALL]"
corpus_uc_first_call_quadrants_20260620_160209,per_uc_best,uc7_dfa,email_match,tradeoff,MEDIUM,55.753397999978915,181.93937624891987,183.04992099729134,1.0061039274249906,9189.773860254281,0.7701114246140758,0.019918871103997583,bottom_left,True,"email_match [tradeoff, MEDIUM]"
corpus_uc_first_call_quadrants_20260620_160209,per_uc_best,uc7_dfa,email_match,tradeoff,LARGE,55.81151800004136,1819.2300540104043,1830.6791679933667,1.0061039274249906,9189.773860254281,0.976340575761468,0.19920829346095703,bottom_left,True,"email_match [tradeoff, LARGE]"
corpus_uc_first_call_quadrants_20260620_160209,per_uc_best,uc7_dfa,email_match,tradeoff,EXTRALARGE,55.99773100004768,3638.2046549988445,3661.8187660060357,1.0061039274249906,9189.773860254281,0.9912339345251925,0.3984666893538459,bottom_left,True,"email_match [tradeoff, EXTRALARGE]"
corpus_uc_first_call_quadrants_20260620_160209,per_uc_best,uc7_dfa,multi_pattern_match,low,SMALL,57.82697899996947,17.096701195242066,21.379801696942497,1.2478890848458903,290.3056611779095,0.28535439851910677,0.0736458311222536,bottom_left,True,"multi_pattern_match [low, SMALL]"
corpus_uc_first_call_quadrants_20260620_160209,per_uc_best,uc7_dfa,multi_pattern_match,low,MEDIUM,57.66827000002195,171.93557124846848,214.5565226577067,1.2478890848458903,290.3056611779095,0.9344639945526928,0.7390710941948146,bottom_left,True,"multi_pattern_match [low, MEDIUM]"
corpus_uc_first_call_quadrants_20260620_160209,per_uc_best,uc7_dfa,multi_pattern_match,low,LARGE,57.298199999991084,1719.365678000031,2145.4562330036424,1.2478890848458903,290.3056611779095,1.2075757601481532,7.390335497759486,top_right,True,"multi_pattern_match [low, LARGE]"
corpus_uc_first_call_quadrants_20260620_160209,per_uc_best,uc7_dfa,multi_pattern_match,low,EXTRALARGE,57.68127799990452,3438.769606000278,4291.882235003868,1.2478890848458903,290.3056611779095,1.2274967895712743,14.784011505630447,top_right,True,"multi_pattern_match [low, EXTRALARGE]"
corpus_uc_first_call_quadrants_20260620_160209,per_uc_best,uc7_dfa,multi_pattern_match,abstract,SMALL,57.76714900002844,17.48287042501033,17.483161224663487,1.0003576091312527,160191.2524457104,0.23233430845927625,0.00010913930041584898,bottom_left,True,"multi_pattern_match [abstract, SMALL]"
corpus_uc_first_call_quadrants_20260620_160209,per_uc_best,uc7_dfa,multi_pattern_match,abstract,MEDIUM,57.26537600003212,176.0616130050039,176.12457424547756,1.0003576091312527,160191.2524457104,0.7548401279959781,0.0010994643687249218,bottom_left,True,"multi_pattern_match [abstract, MEDIUM]"
corpus_uc_first_call_quadrants_20260620_160209,per_uc_best,uc7_dfa,multi_pattern_match,abstract,LARGE,57.390458999975635,1760.5678620166145,1761.5919589879923,1.0003576091312527,160191.2524457104,0.9689946896048319,0.01099680495715585,bottom_left,True,"multi_pattern_match [abstract, LARGE]"
corpus_uc_first_call_quadrants_20260620_160209,per_uc_best,uc7_dfa,multi_pattern_match,abstract,EXTRALARGE,57.382824000001165,3521.9957689987496,3523.1226949836127,1.0003576091312527,160191.2524457104,0.9842833339493133,0.021993227727447957,bottom_left,True,"multi_pattern_match [abstract, EXTRALARGE]"
corpus_uc_first_call_quadrants_20260620_160209,per_uc_best,uc7_dfa,multi_pattern_match,tradeoff,SMALL,57.353353000053175,17.483345124492192,19.5667062782579,1.118366976729146,538.2959907814733,0.2614587063380914,0.03634934425175981,bottom_left,True,"multi_pattern_match [tradeoff, SMALL]"
corpus_uc_first_call_quadrants_20260620_160209,per_uc_best,uc7_dfa,multi_pattern_match,tradeoff,MEDIUM,56.97277399997347,176.13168874959229,196.97986425308045,1.118366976729146,538.2959907814733,0.845028284442175,0.36593225219291375,bottom_left,True,"multi_pattern_match [tradeoff, MEDIUM]"
corpus_uc_first_call_quadrants_20260620_160209,per_uc_best,uc7_dfa,multi_pattern_match,tradeoff,LARGE,56.94494700003361,1760.5602190014906,1969.8266659979708,1.118366976729146,538.2959907814733,1.0838080148798426,3.6593745815165137,top_right,True,"multi_pattern_match [tradeoff, LARGE]"
corpus_uc_first_call_quadrants_20260620_160209,per_uc_best,uc7_dfa,multi_pattern_match,tradeoff,EXTRALARGE,56.83618199998364,3521.7671520076697,3939.919769007247,1.118366976729146,538.2959907814733,1.1009657682833929,7.319244126799929,top_right,True,"multi_pattern_match [tradeoff, EXTRALARGE]"
corpus_uc_first_call_quadrants_20260620_160209,per_uc_best,uc7_dfa,url_match,low,SMALL,59.8553439999705,18.074025948478194,22.295813870451024,1.2311742113868065,317.4602440940193,0.2861028375463577,0.07023182992276626,bottom_left,True,"url_match [low, SMALL]"
corpus_uc_first_call_quadrants_20260620_160209,per_uc_best,uc7_dfa,url_match,low,MEDIUM,59.60864100006802,181.93556275218725,223.99437299463898,1.2311742113868065,317.4602440940193,0.9273431923226084,0.7055824379959231,bottom_left,True,"url_match [low, MEDIUM]"
corpus_uc_first_call_quadrants_20260620_160209,per_uc_best,uc7_dfa,url_match,low,LARGE,59.55036299997118,1819.2985000205226,2241.1060520098545,1.2311742113868065,317.4602440940193,1.1928080518445667,7.0594856953052885,top_right,True,"url_match [low, LARGE]"
corpus_uc_first_call_quadrants_20260620_160209,per_uc_best,uc7_dfa,url_match,low,EXTRALARGE,59.580963999906096,3637.6786709879525,4481.192790000932,1.2311742113868065,317.4602440940193,1.2120308640471358,14.115760550709394,top_right,True,"url_match [low, EXTRALARGE]"
corpus_uc_first_call_quadrants_20260620_160209,per_uc_best,uc7_dfa,url_match,abstract,SMALL,59.95831600000656,18.07125228179547,18.190984237375424,1.006612268669995,9099.93524519028,0.23312937182580704,0.001999023481731935,bottom_left,True,"url_match [abstract, SMALL]"
corpus_uc_first_call_quadrants_20260620_160209,per_uc_best,uc7_dfa,url_match,abstract,MEDIUM,59.77596200000335,181.8975167479948,183.10027199913745,1.006612268669995,9099.93524519028,0.7576349417722532,0.020121052190554222,bottom_left,True,"url_match [abstract, MEDIUM]"
corpus_uc_first_call_quadrants_20260620_160209,per_uc_best,uc7_dfa,url_match,abstract,LARGE,59.82472100004088,1819.5809850003573,1831.2940519826952,1.006612268669995,9099.93524519028,0.974400602347808,0.201242536637897,bottom_left,True,"url_match [abstract, LARGE]"
corpus_uc_first_call_quadrants_20260620_160209,per_uc_best,uc7_dfa,url_match,abstract,EXTRALARGE,59.91669399998045,3638.003156025661,3662.641030008672,1.006612268669995,9099.93524519028,0.9904598202644319,0.40249088936589306,bottom_left,True,"url_match [abstract, EXTRALARGE]"
corpus_uc_first_call_quadrants_20260620_160209,per_uc_best,uc7_dfa,url_match,tradeoff,SMALL,59.974384999918584,18.069167846055606,18.20719255192671,1.0072844082721386,8273.539795065224,0.23329528049370335,0.002200653287820824,bottom_left,True,"url_match [tradeoff, SMALL]"
corpus_uc_first_call_quadrants_20260620_160209,per_uc_best,uc7_dfa,url_match,tradeoff,MEDIUM,59.832001000017954,181.89123250340344,183.2162025020807,1.0072844082721386,8273.539795065224,0.7579585952356848,0.02214483848997264,bottom_left,True,"url_match [tradeoff, MEDIUM]"
corpus_uc_first_call_quadrants_20260620_160209,per_uc_best,uc7_dfa,url_match,tradeoff,LARGE,59.58669300002839,1819.4721559993923,1832.6457439980004,1.0072844082721386,8273.539795065224,0.9752998129749184,0.22150685068210912,bottom_left,True,"url_match [tradeoff, LARGE]"
corpus_uc_first_call_quadrants_20260620_160209,per_uc_best,uc7_dfa,url_match,tradeoff,EXTRALARGE,59.31327799999053,3638.8480909809005,3664.4982660072856,1.0072844082721386,8273.539795065224,0.9908973407012571,0.4429178268040707,bottom_left,True,"url_match [tradeoff, EXTRALARGE]"
corpus_uc_first_call_quadrants_20260620_160209,per_uc_best,uc8_ivm,apply_row_delta,low,SMALL,71.99357499996495,1.3706488266067143,5.2183671203210835,2.9395199882506335,108.4567651814525,0.07112958943935631,0.04811472213458098,bottom_left,True,"apply_row_delta [low, SMALL]"
corpus_uc_first_call_quadrants_20260620_160209,per_uc_best,uc8_ivm,apply_row_delta,low,MEDIUM,71.56068500000856,18.692935053951334,54.94825623016088,2.9395199882506335,108.4567651814525,0.6088205237342169,0.5066374249520558,bottom_left,True,"apply_row_delta [low, MEDIUM]"
corpus_uc_first_call_quadrants_20260620_160209,per_uc_best,uc8_ivm,apply_row_delta,low,LARGE,72.29546700000355,56.15281933326817,165.1279904981493,2.9395199882506335,108.4567651814525,1.2855600896823838,1.5225236546736718,top_right,True,"apply_row_delta [low, LARGE]"
corpus_uc_first_call_quadrants_20260620_160209,per_uc_best,uc8_ivm,apply_row_delta,low,EXTRALARGE,72.42386099994746,78.69394499963771,231.2898600066546,2.9395199882506335,108.4567651814525,1.5305268527210452,2.132553553664425,top_right,True,"apply_row_delta [low, EXTRALARGE]"
corpus_uc_first_call_quadrants_20260620_160209,per_uc_best,uc8_ivm,apply_row_delta,abstract,SMALL,71.85291500002222,1.3836552545362426,5.189522654010697,2.9241890205596155,109.03397004759613,0.07085971716005757,0.04759546636470576,bottom_left,True,"apply_row_delta [abstract, SMALL]"
corpus_uc_first_call_quadrants_20260620_160209,per_uc_best,uc8_ivm,apply_row_delta,abstract,MEDIUM,71.74706099999639,18.704750432752427,54.69622584776236,2.9241890205596155,109.03397004759613,0.6047001710787092,0.5016438989049564,bottom_left,True,"apply_row_delta [abstract, MEDIUM]"
corpus_uc_first_call_quadrants_20260620_160209,per_uc_best,uc8_ivm,apply_row_delta,abstract,LARGE,72.2999140000411,56.31665900000371,164.3514024981414,2.9241890205596155,109.03397004759613,1.277840006653607,1.5073412664548287,top_right,True,"apply_row_delta [abstract, LARGE]"
corpus_uc_first_call_quadrants_20260620_160209,per_uc_best,uc8_ivm,apply_row_delta,abstract,EXTRALARGE,72.42403200007175,78.8077915559471,230.2051316655707,2.9241890205596155,109.03397004759613,1.5222003296171243,2.1113156896431473,top_right,True,"apply_row_delta [abstract, EXTRALARGE]"
corpus_uc_first_call_quadrants_20260620_160209,per_uc_best,uc8_ivm,apply_row_delta,tradeoff,SMALL,71.43667699995149,1.37179602186564,5.215253096913099,2.939104540794165,108.19314266330585,0.07162975517080744,0.04820317599187248,bottom_left,True,"apply_row_delta [tradeoff, SMALL]"
corpus_uc_first_call_quadrants_20260620_160209,per_uc_best,uc8_ivm,apply_row_delta,tradeoff,MEDIUM,71.3815420000401,18.699478730087396,54.95972284608377,2.939104540794165,108.19314266330585,0.6101143437388089,0.5079778763531895,bottom_left,True,"apply_row_delta [tradeoff, MEDIUM]"
corpus_uc_first_call_quadrants_20260620_160209,per_uc_best,uc8_ivm,apply_row_delta,tradeoff,LARGE,72.01482400000714,56.37248800000331,165.12735974538373,2.939104540794165,108.19314266330585,1.2861657213087403,1.5262275933628773,top_right,True,"apply_row_delta [tradeoff, LARGE]"
corpus_uc_first_call_quadrants_20260620_160209,per_uc_best,uc8_ivm,apply_row_delta,tradeoff,EXTRALARGE,71.74810300000445,78.79768522171717,231.3280229961189,2.939104540794165,108.19314266330585,1.5365957807828032,2.1381024462521205,top_right,True,"apply_row_delta [tradeoff, EXTRALARGE]"
corpus_uc_first_call_quadrants_20260620_160209,per_uc_best,uc8_ivm,batch_delta,low,SMALL,61.91683399993053,1.3807812071092156,5.215954563984844,2.9159240241779467,93.57753276845713,0.08240365054708637,0.055739389676909966,bottom_left,True,"batch_delta [low, SMALL]"
corpus_uc_first_call_quadrants_20260620_160209,per_uc_best,uc8_ivm,batch_delta,low,MEDIUM,61.48563600004309,18.825107108568773,54.892582075598725,2.9159240241779467,93.57753276845713,0.6835023553618756,0.5866000144652432,bottom_left,True,"batch_delta [low, MEDIUM]"
corpus_uc_first_call_quadrants_20260620_160209,per_uc_best,uc8_ivm,batch_delta,low,LARGE,62.254703000007794,56.422729081532445,165.10620075132465,2.9159240241779467,93.57753276845713,1.3912181773353873,1.7643786480228534,top_right,True,"batch_delta [low, LARGE]"
corpus_uc_first_call_quadrants_20260620_160209,per_uc_best,uc8_ivm,batch_delta,low,EXTRALARGE,62.24419299996953,78.84934355388395,231.4080323364275,2.9159240241779467,93.57753276845713,1.6401037070050493,2.472901619548041,top_right,True,"batch_delta [low, EXTRALARGE]"
corpus_uc_first_call_quadrants_20260620_160209,per_uc_best,uc8_ivm,batch_delta,abstract,SMALL,61.86109600002965,1.3898129070488114,5.213157075135164,2.926339957715134,93.3026101612009,0.08242027134809686,0.05587364668714285,bottom_left,True,"batch_delta [abstract, SMALL]"
corpus_uc_first_call_quadrants_20260620_160209,per_uc_best,uc8_ivm,batch_delta,abstract,MEDIUM,61.41888799993467,18.769739026587608,54.926637309388475,2.926339957715134,93.3026101612009,0.6849679230849228,0.5886934697163408,bottom_left,True,"batch_delta [abstract, MEDIUM]"
corpus_uc_first_call_quadrants_20260620_160209,per_uc_best,uc8_ivm,batch_delta,abstract,LARGE,62.28190799993172,56.33124558274479,165.1861612481298,2.926339957715134,93.3026101612009,1.3926462306981042,1.7704345137047521,top_right,True,"batch_delta [abstract, LARGE]"
corpus_uc_first_call_quadrants_20260620_160209,per_uc_best,uc8_ivm,batch_delta,abstract,EXTRALARGE,62.11911600007625,78.92658977976276,231.28407599870116,2.926339957715134,93.3026101612009,1.6397810533822064,2.478859654613164,top_right,True,"batch_delta [abstract, EXTRALARGE]"
corpus_uc_first_call_quadrants_20260620_160209,per_uc_best,uc8_ivm,batch_delta,tradeoff,SMALL,61.92923999992672,1.4101712920553755,5.213288858110682,2.9282859035531668,93.82719703026277,0.08230718839615445,0.055562662246312254,bottom_left,True,"batch_delta [tradeoff, SMALL]"
corpus_uc_first_call_quadrants_20260620_160209,per_uc_best,uc8_ivm,batch_delta,tradeoff,MEDIUM,61.78551800007881,18.76879526959808,54.960398614639416,2.9282859035531668,93.82719703026277,0.6822775390145147,0.5857619150331501,bottom_left,True,"batch_delta [tradeoff, MEDIUM]"
corpus_uc_first_call_quadrants_20260620_160209,per_uc_best,uc8_ivm,batch_delta,tradeoff,LARGE,62.308286999950724,56.32863591745264,165.108626250003,2.9282859035531668,93.82719703026277,1.3917136603834026,1.7597096734835775,top_right,True,"batch_delta [tradeoff, LARGE]"
corpus_uc_first_call_quadrants_20260620_160209,per_uc_best,uc8_ivm,batch_delta,tradeoff,EXTRALARGE,62.24107600019124,79.04359644615195,231.29462733049874,2.9282859035531668,93.82719703026277,1.637082234934857,2.465112831366982,top_right,True,"batch_delta [tradeoff, EXTRALARGE]"
corpus_uc_first_call_quadrants_20260620_160209,per_uc_best,uc8_ivm,multi_agg_delta,low,SMALL,72.79946200003451,1.6023640833332644,5.4613428660595105,2.829074165987335,112.19713352728061,0.0734033444278644,0.04867631368435621,bottom_left,True,"multi_agg_delta [low, SMALL]"
corpus_uc_first_call_quadrants_20260620_160209,per_uc_best,uc8_ivm,multi_agg_delta,low,MEDIUM,72.53852899998492,20.259261412052986,57.314953082823195,2.829074165987335,112.19713352728061,0.6176327348780084,0.5108415097689383,bottom_left,True,"multi_agg_delta [low, MEDIUM]"
corpus_uc_first_call_quadrants_20260620_160209,per_uc_best,uc8_ivm,multi_agg_delta,low,LARGE,72.3436790000278,61.20644891052507,172.32136525126407,2.829074165987335,112.19713352728061,1.290312244153587,1.5358802835133423,top_right,True,"multi_agg_delta [low, LARGE]"
corpus_uc_first_call_quadrants_20260620_160209,per_uc_best,uc8_ivm,multi_agg_delta,low,EXTRALARGE,72.67187900004046,85.69043712486746,241.412804335899,2.829074165987335,112.19713352728061,1.5244334021073878,2.151684243137992,top_right,True,"multi_agg_delta [low, EXTRALARGE]"
corpus_uc_first_call_quadrants_20260620_160209,per_uc_best,uc8_ivm,multi_agg_delta,abstract,SMALL,72.30788299989399,1.7082595427504634,9.97148955731453,4.87309714125608,91.13464996221408,0.1347204706266535,0.10941491037107043,bottom_left,True,"multi_agg_delta [abstract, SMALL]"
corpus_uc_first_call_quadrants_20260620_160209,per_uc_best,uc8_ivm,multi_agg_delta,abstract,MEDIUM,72.43306300006225,21.061939787945118,102.63687856994304,4.87309714125608,91.13464996221408,1.0977792984579524,1.126211365408195,top_right,True,"multi_agg_delta [abstract, MEDIUM]"
corpus_uc_first_call_quadrants_20260620_160209,per_uc_best,uc8_ivm,multi_agg_delta,abstract,LARGE,72.98324399994272,63.62173918221908,308.2407420006348,4.87309714125608,91.13464996221408,2.256438490165457,3.382256278248026,top_right,True,"multi_agg_delta [abstract, LARGE]"
corpus_uc_first_call_quadrants_20260620_160209,per_uc_best,uc8_ivm,multi_agg_delta,abstract,EXTRALARGE,73.14998000015294,89.03854862364824,431.6876935045002,4.87309714125608,91.13464996221408,2.661641345213795,4.73681188969821,top_right,True,"multi_agg_delta [abstract, EXTRALARGE]"
corpus_uc_first_call_quadrants_20260620_160209,per_uc_best,uc8_ivm,multi_agg_delta,tradeoff,SMALL,72.56355200001963,1.6057803029706808,5.397418069891458,2.7955708068922127,112.75225125544671,0.07277156072866316,0.04786971443845761,bottom_left,True,"multi_agg_delta [tradeoff, SMALL]"
corpus_uc_first_call_quadrants_20260620_160209,per_uc_best,uc8_ivm,multi_agg_delta,tradeoff,MEDIUM,72.41979000013998,20.282399999476702,56.7008853322477,2.7955708068922127,112.75225125544671,0.6116455860695649,0.5028802946363224,bottom_left,True,"multi_agg_delta [tradeoff, MEDIUM]"
corpus_uc_first_call_quadrants_20260620_160209,per_uc_best,uc8_ivm,multi_agg_delta,tradeoff,LARGE,72.29487899985543,61.24937909242528,170.37444750167197,2.7955708068922127,112.75225125544671,1.2757901383071157,1.5110514034498421,top_right,True,"multi_agg_delta [tradeoff, LARGE]"
corpus_uc_first_call_quadrants_20260620_160209,per_uc_best,uc8_ivm,multi_agg_delta,tradeoff,EXTRALARGE,72.39760100014792,85.68590600043535,238.75531133186692,2.7955708068922127,112.75225125544671,1.5103113276136138,2.117521456764114,top_right,True,"multi_agg_delta [tradeoff, EXTRALARGE]"
